Workbook

Sheet QA Table
F5: Sediment | L5: 18GE01C01 | P5: 18GE01C01 | T5: 18GE01C01 | Y5: 18GE01C01 | AD5: 18GE01C01 | AI5: 18GE01C01
B6: FRB | C6: LDn | D6: FDn | E6: DO | F6: LDn | G6: FDn | I6: FRB | J6: ER 63 | K6: SRF | L6: 24GE00S21 | M6: LDn | N6: ER 10 | O6: MID | P6: 24GE00S63 | Q6: FDn | R6: ER 15M | S6: 10M | T6: 24GE00S03 | V6: DO | W6: ER 09 | X6: SRF | Y6: 24GE00S41 | AA6: Sediment | AB6: ER 91M | AC6: Benthos | AD6: 24GE03S76 | AF6: Sediment | AG6: ER 61 | AH6: Benthos | AI6: 24GE03S56
B7: SRF | C7: MID | D7: 10M | E7: SRF | F7: Benthos | G7: Benthos | J7: ER 38 | K7: SRF | L7: 24GE01S81 | N7: ER 78M | O7: B- | P7: 24GE02S11 | R7: ER 38 | S7: B- | T7: 24GE01S91 | W7: ER 37 | X7: MID | Y7: 24GE01S63 | AA7: LDn | AB7: ER 91M | AC7: Benthos | AD7: 24GE03S78 | AF7: FDn | AG7: ER 61 | AH7: Benthos | AI7: 24GE03S58
B8: ER 63 | C8: ER 10 | D8: ER 15M | E8: ER 09 | F8: ER 91M | G8: ER 61 | J8: ER 60 | K8: SRF | L8: 24GE03S21 | N8: ER 91M | O8: MID | P8: 24GE03S63 | R8: ER 59 | S8: SRF | T8: 24GE03S01 | W8: ER 59 | X8: B- | Y8: 24GE03S11 | AD8: 24GE03S79 | AI8: 24GE03S59
B9: 24GE00S21 | C9: 24GE00S63 | D9: 24GE00S03 | E9: 24GE00S41 | F9: 24GE03S76 | G9: 24GE03S56 | J9: ER 42 | K9: SRF | L9: 22GE04S01 | N9: ER 30 | O9: SRF | P9: 22GE05S41 | R9: ER 78M | S9: 5M | T9: 22GE05S22 | W9: HU 12 | X9: MID | Y9: 24GH00S43
B10: SRF | C10: B- | D10: B- | E10: MID | J10: HU 09 | K10: SRF | L10: 24GH00S21 | N10: HU 06 | O10: MID | P10: 24GH00S03 | R10: HU 93 | S10: B10 | T10: 24GH00S90 | W10: HU 37 | X10: B10 | Y10: 24GH01S50
B11: ER 38 | C11: ER 78M | D11: ER 38 | E11: ER 37 | J11: HU 37 | K11: SRF | L11: 24GH01S41 | N11: HU 38 | O11: MID | P11: 24GH01S63 | R11: HU 38 | S11: SRF | T11: 24GH01S61 | W11: HU 45M | X11: 30M | Y11: 24GH01S85
B12: 24GE01S81 | C12: 24GE02S11 | D12: 24GE01S91 | E12: 24GE01S63 | J12: HU 54M | K12: SRF | L12: 24GH02S41 | N12: HU 53 | O12: SRF | P12: 24GH02S21 | R12: HU 53 | S12: B10 | T12: 24GH02S30 | W12: MI 18M | X12: 50M | Y12: 24GM00S47
B13: SRF | C13: MID | D13: SRF | E13: B- | J13: MI 17 | K13: SRF | L13: 24GM00S21 | N13: MI 19 | O13: MID | P13: 24GM00S63 | R13: MI 11 | S13: SRF | T13: 24GM00S01 | W13: MI 27M | X13: SRF | Y13: 24GM01S01
B14: ER 60 | C14: ER 91M | D14: ER 59 | E14: ER 59 | J14: MI 34 | K14: SRF | L14: 24GM01S41 | N14: MI 32 | O14: MID | P14: 24GM01S23 | R14: MI 34 | S14: MID | T14: 24GM01S43 | W14: MI 40 | X14: B- | Y14: 24GM01S71
B15: 24GE03S21 | C15: 24GE03S63 | D15: 24GE03S01 | E15: 24GE03S11 | J15: MI 40 | K15: SRF | L15: 24GM01S61 | N15: MI 41M | O15: 100M | P15: 24GM01S88 | R15: MI 47 | S15: B10 | T15: 24GM02S10 | W15: ON 63 | X15: B- | Y15: 24GO00S71
B16: SRF | C16: SRF | D16: 5M | E16: MID | J16: ON 60 | K16: SRF | L16: 24GO00S41 | N16: ON 49 | O16: B10 | P16: 24GO00S10 | R16: ON 55M | S16: SRF | T16: 24GO00S21 | W16: ON 41 | X16: MID | Y16: 24GO01S43
B17: ER 42 | C17: ER 30 | D17: ER 78M | E17: ER 36 | J17: ON 25 | K17: SRF | L17: 24GO01S01 | N17: ON 33M | O17: B- | P17: 24GO01S31 | R17: ON 12 | S17: B10 | T17: 24GO00S90 | W17: SU 01M | X17: 10M | Y17: 24GS00S03
B18: 22GE04S01 | C18: 22GE05S41 | D18: 22GE05S22 | E18: 22GE04S63 | J18: SU 03 | K18: SRF | L18: 24GS00S41 | N18: SU 01M | O18: 40M | P18: 24GS00S06 | R18: SU 04 | S18: B10 | T18: 24GS00S70 | W18: SU 11 | X18: B- | Y18: 24GS02S11
B19: SRF | C19: MID | D19: B10 | E19: MID | J19: SU 07 | K19: SRF | L19: 24GS01S21 | N19: SU 09 | O19: B- | P19: 24GS01S71 | R19: SU 12 | S19: B10 | T19: 24GS02S30 | W19: SU 19 | X19: SRF | Y19: 24GS03S61
B20: HU 09 | C20: HU 06 | D20: HU 93 | E20: HU 12 | J20: SU 15 | K20: SRF | L20: 24GS02S81 | N20: SU 16 | O20: B- | P20: 24GS03S11 | R20: SU 17M | S20: 40M | T20: 24GS03S26
B21: 24GH00S21 | C21: 24GH00S03 | D21: 24GH00S90 | E21: 24GH00S43
B22: SRF | C22: MID | D22: SRF | E22: B10
B23: HU 37 | C23: HU 38 | D23: HU 38 | E23: HU 37
B24: 24GH01S41 | C24: 24GH01S63 | D24: 24GH01S61 | E24: 24GH01S50
B25: SRF | C25: SRF | D25: B10 | E25: 30M
B26: HU 54M | C26: HU 53 | D26: HU 53 | E26: HU 45M
B27: 24GH02S41 | C27: 24GH02S21 | D27: 24GH02S30 | E27: 24GH01S85
B28: SRF | C28: MID | D28: SRF | E28: 50M
B29: MI 17 | C29: MI 19 | D29: MI 11 | E29: MI 18M
B30: 24GM00S21 | C30: 24GM00S63 | D30: 24GM00S01 | E30: 24GM00S47
B31: SRF | C31: MID | D31: MID | E31: SRF
B32: MI 34 | C32: MI 32 | D32: MI 34 | E32: MI 27M
... B35: MI 40 | C35: MI 41M | D35: MI 47 | E35: MI 40
B36: 24GM01S61 | C36: 24GM01S88 | D36: 24GM02S10 | E36: 24GM01S71 | W36: ER 36 | X36: 24GE01S43 | Y36: MID | Z36: RFS
B37: SRF | C37: B10 | D37: SRF | E37: B-
B38: ON 60 | C38: ON 49 | D38: ON 55M | E38: ON 63
B39: 24GO00S41 | C39: 24GO00S10 | D39: 24GO00S21 | E39: 24GO00S71 | R39: ER 09 | S39: SRF | T39: 24GE00S41 | W39: ER 09 | X39: 24GE00S41 | Y39: SRF
B40: SRF | C40: B- | D40: B10 | E40: MID | R40: ER 37 | S40: MID | T40: 24GE01S63 | W40: ER 37 | X40: 24GE01S63 | Y40: MID
B41: ON 25 | C41: ON 33M | D41: ON 12 | E41: ON 41 | R41: ER 59 | S41: B- | T41: 24GE03S11 | W41: ER 59 | X41: 24GE03S11 | Y41: B-
B42: 24GO01S01 | C42: 24GO01S31 | D42: 24GO00S90 | E42: 24GO01S43 | R42: HU 12 | S42: MID | T42: 24GH00S43 | W42: HU 12 | X42: 24GH00S43 | Y42: MID
B43: SRF | C43: 40M | D43: B10 | E43: 10M | R43: HU 37 | S43: B10 | T43: 24GH01S50 | W43: HU 37 | X43: 24GH01S50 | Y43: B10
B44: SU 03 | C44: SU 01M | D44: SU 04 | E44: SU 01M | R44: HU 45M | S44: 30M | T44: 24GH01S85 | W44: HU 45M | X44: 24GH01S85 | Y44: 30M
B45: 24GS00S41 | C45: 24GS00S06 | D45: 24GS00S70 | E45: 24GS00S03 | R45: MI 18M | S45: 50M | T45: 24GM00S47 | W45: MI 18M | X45: 24GM00S47 | Y45: 50M
B46: SRF | C46: B- | D46: B10 | E46: B- | R46: MI 27M | S46: SRF | T46: 24GM01S01 | W46: MI 27M | X46: 24GM01S01 | Y46: SRF
B47: SU 07 | C47: SU 09 | D47: SU 12 | E47: SU 11 | R47: MI 40 | S47: B- | T47: 24GM01S71 | W47: MI 40 | X47: 24GM01S71 | Y47: B-
B48: 24GS01S21 | C48: 24GS01S71 | D48: 24GS02S30 | E48: 24GS02S11 | R48: ON 63 | S48: B- | T48: 24GO00S71 | W48: ON 63 | X48: 24GO00S71 | Y48: B-
B49: SRF | C49: B- | D49: 40M | E49: SRF | R49: ON 41 | S49: MID | T49: 24GO01S43 | W49: ON 41 | X49: 24GO01S43 | Y49: MID
B50: SU 15 | C50: SU 16 | D50: SU 17M | E50: SU 19 | R50: SU 01M | S50: 10M | T50: 24GS00S03 | W50: SU 01M | X50: 24GS00S03 | Y50: 10M
B51: 24GS02S81 | C51: 24GS03S11 | D51: 24GS03S26 | E51: 24GS03S61 | R51: SU 11 | S51: B- | T51: 24GS02S11 | W51: SU 11 | X51: 24GS02S11 | Y51: B-
R52: SU 19 | S52: SRF | T52: 24GS03S61 | W52: SU 19 | X52: 24GS03S61 | Y52: SRF

Sheet Station Depth Averages
E1: Station Depth (2008-2012)
A2: STATION_ID | B2: Mid Selection | C2: Average Mid Depth Rounded | D2: Average Mid Depth | E2: Average | F2: Standard Deviation | G2: N | H2: 2*Standard Error | K2: YEAR | L2: MONTH | M2: STATION_ID | N2: STN_DEPTH_m | O2: SAMPLE_ID | P2: ANL_CODE
A3: ER 09 | B3: MID | C3: =ROUND(D3,-1) -> 20 | D3: =E3/2 -> 24.815 | E3: 49.63 | F3: 1.2986228 | G3: 20 | H3: =2*(F3/SQRT(G3)) -> 0.58076175 | K3: 2008 | L3: April | M3: ER09 | N3: 50.6 | O3: 08GC20S81 | P3: Chlor-a
A4: ER 10 | B4: MID | C4: =ROUND(D4,-1) -> 20 | D4: =E4/2 -> 16.81 | E4: 33.62 | F4: 1.2853834 | G4: 20 | H4: =2*(F4/SQRT(G4)) -> 0.57484094 | K4: 2008 | L4: April | M4: ER09 | N4: 50.6 | O4: 08GC20S81 | P4: NO2+NO3 | S4: Values
A5: ER 15M | B5: 30M | C5: =ROUND(D5,-1) -> 30 | D5: =E5/2 -> 30.96 | E5: 61.92 | F5: 5.2771204 | G5: 20 | H5: =2*(F5/SQRT(G5)) -> 2.36 | K5: 2009 | L5: April | M5: ER09 | N5: 52.6 | O5: 09GC20S81 | P5: Chlor-a | R5: STATION_ID | S5: Average of STN_DEPTH_m | T5: StdDev of STN_DEPTH_m | U5: Count of STN_DEPTH_m
A6: ER 30 | B6: MID | C6: =ROUND(D6,-1) -> 10 | D6: =E6/2 -> 10.64 | E6: 21.28 | F6: 1.1989469 | G6: 20 | H6: =2*(F6/SQRT(G6)) -> 0.53618536 | K6: 2009 | L6: April | M6: ER09 | N6: 52.6 | O6: 09GC20S81 | P6: NO2+NO3 | R6: ER09 | S6: 49.63 | T6: 1.2986228 | U6: 20
A7: ER 31 | B7: MID | C7: =ROUND(D7,-1) -> 10 | D7: =E7/2 -> 11.12 | E7: 22.24 | F7: 0.51544564 | G7: 20 | H7: =2*(F7/SQRT(G7)) -> 0.2305143 | K7: 2010 | L7: April | M7: ER09 | N7: 50.1 | O7: 10GC20S81 | P7: Chlor-a | R7: ER10 | S7: 33.62 | T7: 1.2853834 | U7: 20
A8: ER 32 | B8: MID | C8: =ROUND(D8,-1) -> 10 | D8: =E8/2 -> 11.285 | E8: 22.57 | F8: 0.44497191 | G8: 20 | H8: =2*(F8/SQRT(G8)) -> 0.19899749 | K8: 2010 | L8: April | M8: ER09 | N8: 50.1 | O8: 10GC20S81 | P8: NO2+NO3 | R8: ER15M | S8: 61.92 | T8: 5.2771204 | U8: 20
A9: ER 36 | B9: MID | C9: =ROUND(D9,-1) -> 10 | D9: =E9/2 -> 11.675 | E9: 23.35 | F9: 0.4751731 | G9: 20 | H9: =2*(F9/SQRT(G9)) -> 0.21250387 | K9: 2011 | L9: April | M9: ER09 | N9: 49.2 | O9: 11GC20S81 | P9: Chlor-a | R9: ER30 | S9: 21.28 | T9: 1.1989469 | U9: 20
A10: ER 37 | B10: MID | C10: =ROUND(D10,-1) -> 10 | D10: =E10/2 -> 12.275 | E10: 24.55 | F10: 1.20547 | G10: 20 | H10: =2*(F10/SQRT(G10)) -> 0.53910257 | K10: 2011 | L10: April | M10: ER09 | N10: 49.2 | O10: 11GC20S81 | P10: NO2+NO3 | R10: ER31 | S10: 22.24 | T10: 0.51544564 | U10: 20
A11: ER 38 | B11: MID | C11: =ROUND(D11,-1) -> 10 | D11: =E11/2 -> 11.23 | E11: 22.46 | F11: 1.1080566 | G11: 20 | H11: =2*(F11/SQRT(G11)) -> 0.49553799 | K11: 2012 | L11: April | M11: ER09 | N11: 50.6 | O11: 12GC17S81 | P11: Chlor-a | R11: ER32 | S11: 22.57 | T11: 0.44497191 | U11: 20
A12: ER 42 | B12: MID | C12: =ROUND(D12,-1) -> 10 | D12: =E12/2 -> 11.2 | E12: 22.4 | F12: 0.49417661 | G12: 20 | H12: =2*(F12/SQRT(G12)) -> 0.2210025 | K12: 2012 | L12: April | M12: ER09 | N12: 50.6 | O12: 12GC17S81 | P12: NO2+NO3 | R12: ER36 | S12: 23.35 | T12: 0.4751731 | U12: 20
A13: ER 43 | B13: MID | C13: =ROUND(D13,-1) -> 10 | D13: =E13/2 -> 11.1 | E13: 22.2 | F13: 0.64726144 | G13: 20 | H13: =2*(F13/SQRT(G13)) -> 0.28946411 | K13: 2008 | L13: August | M13: ER09 | N13: 48.6 | O13: 08GC43S81 | P13: Chlor-a | R13: ER37 | S13: 24.55 | T13: 1.20547 | U13: 20
A14: ER 58 | B14: MID | C14: =ROUND(D14,-1) -> 0 | D14: =E14/2 -> 4.88 | E14: 9.76 | F14: 1.0535154 | G14: 20 | H14: =2*(F14/SQRT(G14)) -> 0.47114642 | K14: 2008 | L14: August | M14: ER09 | N14: 48.6 | O14: 08GC43S81 | P14: NO2+NO3 | R14: ER38 | S14: 22.46 | T14: 1.1080566 | U14: 20
A15: ER 59 | B15: MID | C15: =ROUND(D15,-1) -> 0 | D15: =E15/2 -> 4.025 | E15: 8.05 | F15: 0.17917942 | G15: 20 | H15: =2*(F15/SQRT(G15)) -> 0.080131471 | K15: 2009 | L15: August | M15: ER09 | N15: 48.6 | O15: 09GC46S81 | P15: Chlor-a | R15: ER42 | S15: 22.4 | T15: 0.49417661 | U15: 20
A16: ER 60 | B16: MID | C16: =ROUND(D16,-1) -> 0 | D16: =E16/2 -> 4.17 | E16: 8.34 | F16: 0.17888544 | G16: 20 | H16: =2*(F16/SQRT(G16)) -> 0.08 | K16: 2009 | L16: August | M16: ER09 | N16: 48.6 | O16: 09GC46S81 | P16: NO2+NO3 | R16: ER43 | S16: 22.2 | T16: 0.64726144 | U16: 20
A17: ER 61 | B17: MID | C17: =ROUND(D17,-1) -> 0 | D17: =E17/2 -> 4.54 | E17: 9.08 | F17: 0.29307804 | G17: 20 | H17: =2*(F17/SQRT(G17)) -> 0.13106848 | K17: 2010 | L17: August | M17: ER09 | N17: 48.6 | O17: 10GC43S81 | P17: Chlor-a | R17: ER58 | S17: 9.76 | T17: 1.0535154 | U17: 20
... A38: HU 93 | B38: MID | C38: =ROUND(D38,-1) -> 50 | D38: =E38/2 -> 45.155 | E38: 90.31 | F38: 0.7642678 | G38: 20 | H38: =2*(F38/SQRT(G38)) -> 0.34179095 | K38: 2010 | L38: August | M38: ER10 | N38: 33.1 | O38: 10GC44S01 | P38: NO2+NO3 | R38: HU53 | S38: 92.71 | T38: 1.0182028 | U38: 20
A39: HU 98b | K39: 2011 | L39: August | M39: ER10 | N39: 33.1 | O39: 11GC39S61 | P39: Chlor-a | R39: HU54M | S39: 129.29 | T39: 5.3473948 | U39: 20
A40: HU FE | B40: MID | C40: =ROUND(D40,-1) -> 60 | D40: =E40/2 -> 57.375 | E40: 114.75 | F40: 0.11677484 | G40: 12 | H40: =2*(F40/SQRT(G40)) -> 0.067419986 | K40: 2011 | L40: August | M40: ER10 | N40: 33.1 | O40: 11GC39S61 | P40: NO2+NO3 | R40: HU61 | S40: 120.18 | T40: 2.5751035 | U40: 20
A41: HU FO | B41: MID | C41: =ROUND(D41,-1) -> 20 | D41: =E41/2 -> 18.8375 | E41: 37.675 | F41: 0.41661904 | G41: 8 | H41: =2*(F41/SQRT(G41)) -> 0.29459415 | K41: 2012 | L41: August | M41: ER10 | N41: 33 | O41: 12GC51S21 | P41: Chlor-a | R41: HU93 | S41: 90.31 | T41: 0.7642678 | U41: 20
A42: MI 11 | B42: MID | C42: =ROUND(D42,-1) -> 60 | D42: =E42/2 -> 63.945 | E42: 127.89 | F42: 2.3112767 | G42: 20 | H42: =2*(F42/SQRT(G42)) -> 1.0336344 | K42: 2012 | L42: August | M42: ER10 | N42: 33 | O42: 12GC51S21 | P42: NO2+NO3 | R42: HUFE | S42: 114.75 | T42: 0.11677484 | U42: 12
A43: MI 17 | B43: MID | C43: =ROUND(D43,-1) -> 50 | D43: =E43/2 -> 50.78 | E43: 101.56 | F43: 0.72285982 | G43: 20 | H43: =2*(F43/SQRT(G43)) -> 0.32327274 | K43: 2008 | L43: April | M43: ER15M | N43: 64.2 | O43: 08GC20S41 | P43: Chlor-a | R43: HUFO | S43: 37.675 | T43: 0.41661904 | U43: 8
A44: MI 18M | B44: 100M | C44: =ROUND(D44,-1) -> 80 | D44: =E44/2 -> 80.447 | E44: 160.894 | F44: 0.5087901 | G44: 20 | H44: =2*(F44/SQRT(G44)) -> 0.22753785 | K44: 2008 | L44: April | M44: ER15M | N44: 64.2 | O44: 08GC20S41 | P44: NO2+NO3 | R44: MI11 | S44: 127.89 | T44: 2.3112767 | U44: 20
A45: MI 19 | B45: MID | C45: =ROUND(D45,-1) -> 50 | D45: =E45/2 -> 45.34 | E45: 90.68 | F45: 1.3500877 | G45: 20 | H45: =2*(F45/SQRT(G45)) -> 0.60377758 | K45: 2009 | L45: April | M45: ER15M | N45: 64.7 | O45: 09GC20S21 | P45: Chlor-a | R45: MI17 | S45: 101.56 | T45: 0.72285982 | U45: 20
A46: MI 23 | B46: MID | C46: =ROUND(D46,-1) -> 50 | D46: =E46/2 -> 46.24 | E46: 92.48 | F46: 0.84080162 | G46: 20 | H46: =2*(F46/SQRT(G46)) -> 0.37601792 | K46: 2009 | L46: April | M46: ER15M | N46: 64.7 | O46: 09GC20S21 | P46: NO2+NO3 | R46: MI18M | S46: 160.894 | T46: 0.5087901 | U46: 20
A47: MI 27M | B47: 50M | C47: =ROUND(D47,-1) -> 50 | D47: =E47/2 -> 52.685 | E47: 105.37 | F47: 1.798274 | G47: 20 | H47: =2*(F47/SQRT(G47)) -> 0.80421259 | K47: 2010 | L47: April | M47: ER15M | N47: 64.4 | O47: 10GC20S41 | P47: Chlor-a | R47: MI19 | S47: 90.68 | T47: 1.3500877 | U47: 20
A48: MI 32 | B48: MID | C48: =ROUND(D48,-1) -> 80 | D48: =E48/2 -> 82.24 | E48: 164.48 | F48: 0.68024763 | G48: 20 | H48: =2*(F48/SQRT(G48)) -> 0.30421599 | K48: 2010 | L48: April | M48: ER15M | N48: 64.4 | O48: 10GC20S41 | P48: NO2+NO3 | R48: MI23 | S48: 92.48 | T48: 0.84080162 | U48: 20
A49: MI 34 | B49: MID | C49: =ROUND(D49,-1) -> 80 | D49: =E49/2 -> 79.8 | E49: 159.6 | F49: 0.77595442 | G49: 20 | H49: =2*(F49/SQRT(G49)) -> 0.34701737 | K49: 2011 | L49: April | M49: ER15M | N49: 46.7 | O49: 11GC20S21 | P49: Chlor-a | R49: MI27M | S49: 105.37 | T49: 1.798274 | U49: 20
A50: MI 40 | B50: MID | C50: =ROUND(D50,-1) -> 90 | D50: =E50/2 -> 85.42 | E50: 170.84 | F50: 1.2873473 | G50: 20 | H50: =2*(F50/SQRT(G50)) -> 0.57571923 | K50: 2011 | L50: April | M50: ER15M | N50: 46.7 | O50: 11GC20S21 | P50: NO2+NO3 | R50: MI32 | S50: 164.48 | T50: 0.68024763 | U50: 20
A51: MI 41M | B51: 100M | C51: =ROUND(D51,-1) -> 130 | D51: =E51/2 -> 132.245 | E51: 264.49 | F51: 2.9588227 | G51: 20 | H51: =2*(F51/SQRT(G51)) -> 1.3232257 | K51: 2012 | L51: April | M51: ER15M | N51: 64.2 | O51: 12GC17S41 | P51: Chlor-a | R51: MI34 | S51: 159.6 | T51: 0.77595442 | U51: 20
A52: MI 47 | B52: MID | C52: =ROUND(D52,-1) -> 100 | D52: =E52/2 -> 97.16 | E52: 194.32 | F52: 1.1723122 | G52: 20 | H52: =2*(F52/SQRT(G52)) -> 0.52427393 | K52: 2012 | L52: April | M52: ER15M | N52: 64.2 | O52: 12GC17S41 | P52: NO2+NO3 | R52: MI40 | S52: 170.84 | T52: 1.2873473 | U52: 20
A53: MI 49b | K53: 2008 | L53: August | M53: ER15M | N53: 62.2 | O53: 08GC43S41 | P53: Chlor-a | R53: MI41M | S53: 264.49 | T53: 2.9588227 | U53: 20
A54: MI 50b | K54: 2008 | L54: August | M54: ER15M | N54: 62.2 | O54: 08GC43S41 | P54: NO2+NO3 | R54: MI47 | S54: 194.32 | T54: 1.1723122 | U54: 20
A55: MI FE | B55: MID | C55: =ROUND(D55,-1) -> 30 | D55: =E55/2 -> 33.725 | E55: 67.45 | F55: 0.79486992 | G55: 12 | H55: =2*(F55/SQRT(G55)) -> 0.45891836 | K55: 2009 | L55: August | M55: ER15M | N55: 63.2 | O55: 09GC46S21 | P55: Chlor-a | R55: MIFE | S55: 67.45 | T55: 0.79486992 | U55: 12
A56: MI FO | B56: MID | C56: =ROUND(D56,-1) -> 60 | D56: =E56/2 -> 60.5625 | E56: 121.125 | F56: 0.50920105 | G56: 8 | H56: =2*(F56/SQRT(G56)) -> 0.36005952 | K56: 2009 | L56: August | M56: ER15M | N56: 63.2 | O56: 09GC46S21 | P56: NO2+NO3 | R56: MIFO | S56: 121.125 | T56: 0.50920105 | U56: 8
A57: ON 12 | B57: MID | C57: =ROUND(D57,-1) -> 50 | D57: =E57/2 -> 53.735 | E57: 107.47 | F57: 1.9531621 | G57: 20 | H57: =2*(F57/SQRT(G57)) -> 0.87348064 | K57: 2010 | L57: August | M57: ER15M | N57: 63.2 | O57: 10GC43S41 | P57: Chlor-a | R57: ON12 | S57: 107.47 | T57: 1.9531621 | U57: 20
A58: ON 25 | B58: MID | C58: =ROUND(D58,-1) -> 70 | D58: =E58/2 -> 68.48 | E58: 136.96 | F58: 7.3061186 | G58: 20 | H58: =2*(F58/SQRT(G58)) -> 3.2673956 | K58: 2010 | L58: August | M58: ER15M | N58: 63.2 | O58: 10GC43S41 | P58: NO2+NO3 | R58: ON25 | S58: 136.96 | T58: 7.3061186 | U58: 20
A59: ON 33M | B59: 100M | C59: =ROUND(D59,-1) -> 70 | D59: =E59/2 -> 70.35 | E59: 140.7 | F59: 1.6026294 | G59: 20 | H59: =2*(F59/SQRT(G59)) -> 0.71671766 | K59: 2011 | L59: August | M59: ER15M | N59: 64.2 | O59: 11GC39S01 | P59: Chlor-a | R59: ON33M | S59: 140.7 | T59: 1.6026294 | U59: 20
A60: ON 41 | B60: MID | C60: =ROUND(D60,-1) -> 70 | D60: =E60/2 -> 65.875 | E60: 131.75 | F60: 1.8975053 | G60: 20 | H60: =2*(F60/SQRT(G60)) -> 0.84859016 | K60: 2011 | L60: August | M60: ER15M | N60: 64.2 | O60: 11GC39S01 | P60: NO2+NO3 | R60: ON41 | S60: 131.75 | T60: 1.8975053 | U60: 20
A61: ON 49 | B61: MID | C61: =ROUND(D61,-1) -> 20 | D61: =E61/2 -> 24.655 | E61: 49.31 | F61: 0.52002024 | G61: 20 | H61: =2*(F61/SQRT(G61)) -> 0.23256012 | K61: 2012 | L61: August | M61: ER15M | N61: 62.2 | O61: 12GC50S61 | P61: Chlor-a | R61: ON49 | S61: 49.31 | T61: 0.52002024 | U61: 20
A62: ON 55M | B62: 100M | C62: =ROUND(D62,-1) -> 100 | D62: =E62/2 -> 98.2 | E62: 196.4 | F62: 1.1964861 | G62: 20 | H62: =2*(F62/SQRT(G62)) -> 0.53508484 | K62: 2012 | L62: August | M62: ER15M | N62: 62.2 | O62: 12GC50S61 | P62: NO2+NO3 | R62: ON55M | S62: 196.4 | T62: 1.1964861 | U62: 20
A63: ON 60 | B63: MID | C63: =ROUND(D63,-1) -> 80 | D63: =E63/2 -> 77.615 | E63: 155.23 | F63: 1.5848294 | G63: 20 | H63: =2*(F63/SQRT(G63)) -> 0.70875725 | K63: 2008 | L63: April | M63: ER30 | N63: 21.6 | O63: 08GC20S21 | P63: Chlor-a | R63: ON60 | S63: 155.23 | T63: 1.5848294 | U63: 20
A64: ON 63 | B64: MID | C64: =ROUND(D64,-1) -> 40 | D64: =E64/2 -> 44.215 | E64: 88.43 | F64: 1.0761041 | G64: 20 | H64: =2*(F64/SQRT(G64)) -> 0.48124838 | K64: 2008 | L64: April | M64: ER30 | N64: 21.6 | O64: 08GC20S21 | P64: NO2+NO3 | R64: ON63 | S64: 88.43 | T64: 1.0761041 | U64: 20
A65: ON FE | B65: MID | C65: =ROUND(D65,-1) -> 20 | D65: =E65/2 -> 21.008333 | E65: 42.016667 | F65: 9.1417955 | G65: 12 | H65: =2*(F65/SQRT(G65)) -> 5.2780181 | K65: 2009 | L65: April | M65: ER30 | N65: 24.5 | O65: 09GC20S01 | P65: Chlor-a | R65: ON64B | S65: 42.016667 | T65: 9.1417955 | U65: 12
A66: ON FO | B66: MID | C66: =ROUND(D66,-1) -> 40 | D66: =E66/2 -> 41.783333 | E66: 83.566667 | F66: 0.72295689 | G66: 6 | H66: =2*(F66/SQRT(G66)) -> 0.59029183 | K66: 2009 | L66: April | M66: ER30 | N66: 24.5 | O66: 09GC20S01 | P66: NO2+NO3 | R66: ONFO | S66: 83.566667 | T66: 0.72295689 | U66: 6
... A87: SU FO | B87: MID | C87: =ROUND(D87,-1) -> 30 | D87: =E87/2 -> 31.475 | E87: 62.95 | F87: 31.69511 | G87: 8 | H87: =2*(F87/SQRT(G87)) -> 22.411827 | K87: 2010 | L87: April | M87: ER31 | N87: 22.5 | O87: 10GC20S01 | P87: Chlor-a | R87: SUFO | S87: 62.95 | T87: 31.69511 | U87: 8
K88: 2010 | L88: April | M88: ER31 | N88: 22.5 | O88: 10GC20S01 | P88: NO2+NO3 | R88: Grand Total | S88: 107.29304 | T88: 72.74178 | U88: 1538
K89: 2011 | L89: April | M89: ER31 | N89: 22.9 | O89: 11GC19S81 | P89: Chlor-a
K90: 2011 | L90: April | M90: ER31 | N90: 22.9 | O90: 11GC19S81 | P90: NO2+NO3
K91: 2012 | L91: April | M91: ER31 | N91: 22.6 | O91: 12GC19S81 | P91: Chlor-a
K92: 2012 | L92: April | M92: ER31 | N92: 22.6 | O92: 12GC19S81 | P92: NO2+NO3
K93: 2008 | L93: August | M93: ER31 | N93: 21.6 | O93: 08GC43S01 | P93: Chlor-a
K94: 2008 | L94: August | M94: ER31 | N94: 21.6 | O94: 08GC43S01 | P94: NO2+NO3
K95: 2009 | L95: August | M95: ER31 | N95: 21.9 | O95: 09GC45S81 | P95: Chlor-a
K96: 2009 | L96: August | M96: ER31 | N96: 21.9 | O96: 09GC45S81 | P96: NO2+NO3
K97: 2010 | L97: August | M97: ER31 | N97: 21.7 | O97: 10GC43S01 | P97: Chlor-a
K98: 2010 | L98: August | M98: ER31 | N98: 21.7 | O98: 10GC43S01 | P98: NO2+NO3
K99: 2011 | L99: August | M99: ER31 | N99: 22.2 | O99: 11GC41S41 | P99: Chlor-a
K100: 2011 | L100: August | M100: ER31 | N100: 22.2 | O100: 11GC41S41 | P100: NO2+NO3
... K1540: 2009 | L1540: September | M1540: SUFO | N1540: 36 | O1540: 09GS55S41 | P1540: NO2+NO3

Sheet Bottle_Jug Count
E1: Cincinatti | F1: Freund | G1: Basco | H1: Nalgene | I1: SKS | L1: Nalgene | M1: Freund | N1: Sartorious | O1: Fisher | P1: Fisher | Q1: Whatman | R1: SKS
E2: Water | H2: Phyto | I2: Benthos | L2: Zoo | N2: water | O2: Chlorophyll | R2: Sediment
E3: 125 mL Bottle | F3: ½ Gallon Milk Jugs | G3: 4 L Cubitainers | H3: 1000 mL Phyto | I3: 1000mL Benthos | J3: 500 mL Benthos | K3: Lids for Benthos | L3: 500 mL Zooplank | M3: Caps | N3: 0.45 µm Filters | O3: 12mm Culture Tubes | P3: 16mm Culture Tubes | Q3: G/FF Filters | R3: 4 oz | S3: 6 oz | T3: 4 oz Lids | U3: 6 oz Lids
D4: All | E4: ='All Sample IDs'!I1 -> 1574 | F4: ='All Sample IDs'!J1 -> 383 | G4: ='All Sample IDs'!M1 -> 84 | H4: ='All Sample IDs'!Q1 -> 248 | I4: ='All Sample IDs'!R1 -> 9 | K4: =I4+J4 -> 9 | L4: ='All Sample IDs'!T1 -> 212 | M4: =SUM('All Sample IDs'!I1:J1) -> 1957 | N4: ='All Sample IDs'!D1 -> 467 | O4: ='All Sample IDs'!G2 -> 467 | P4: ='All Sample IDs'!G3 -> 467 | Q4: ='All Sample IDs'!G1 -> 934 | R4: ='All Sample IDs'!V1 -> 5 | S4: ='All Sample IDs'!W1 -> 5 | T4: =R4 -> 5 | U4: =S4 -> 5
D5: 0.05 | E5: =ROUNDUP(E4*0.05,0) -> 79 | F5: =ROUNDUP(F4*0.05,0) -> 20 | G5: =ROUNDUP(G4*0.05,0) -> 5 | H5: =ROUNDUP(H4*0.05,0) -> 13 | I5: =ROUNDUP(I4*0.05,0) -> 1 | J5: =ROUNDUP(J4*0.05,0) -> 0 | K5: =ROUNDUP(K4*0.05,0) -> 1 | L5: =ROUNDUP(L4*0.05,0) -> 11 | ... U5: =ROUNDUP(U4*0.05,0) -> 1
D6: TOTAL Needed For Survey | E6: =E5+E4 -> 1653 | F6: =F5+F4 -> 403 | G6: =G5+G4 -> 89 | H6: =H5+H4 -> 261 | I6: =I5+I4 -> 10 | J6: =J5+J4 -> 0 | K6: =K5+K4 -> 10 | L6: =L5+L4 -> 223 | ... U6: =U5+U4 -> 6

Sheet Benthos
A1: Basin | B1: Station ID | C1: Sample ID | D1: Depth Code | E1: QC Type | F1: Visit ID | G1: Survey ID
A2: S | B2: HU 98b | C2: 24GH02S96 | D2: Benthos | E2: RFS | F2: H98bA24 | G2: HU2411
A3: S | B3: HU 98b | C3: 24GH02D96 | D3: Benthos | E3: FD1 | F3: H98bA24 | G3: HU2411
A4: S | B4: HU 98b | C4: 24GH02T96 | D4: Benthos | E4: FD2 | F4: H98bA24 | G4: HU2411
A5: W | B5: ER 61 | C5: 24GE03S56 | D5: Benthos | E5: RFS | F5: E061A24 | G5: ER2411
A6: W | B6: ER 61 | C6: 24GE03D56 | D6: Benthos | E6: FD1 | F6: E061A24 | G6: ER2411
A7: W | B7: ER 61 | C7: 24GE03T56 | D7: Benthos | E7: FD2 | F7: E061A24 | G7: ER2411
A8: W | B8: ER 91M | C8: 24GE03S76 | D8: Benthos | E8: RFS | F8: E91MA24 | G8: ER2411
A9: W | B9: ER 91M | C9: 24GE03D76 | D9: Benthos | E9: FD1 | F9: E91MA24 | G9: ER2411
A10: W | B10: ER 91M | C10: 24GE03T76 | D10: Benthos | E10: FD2 | F10: E91MA24 | G10: ER2411

Sheet All Sample IDs
D1: =H4 -> 467 | E1: # of 0.45 Filters | F1: # of GF/F Filters | G1: =H4*2 -> 934 | I1: =(H4*3)+I4 -> 1574 | J1: =H4-K4 -> 383 | M1: =SUM(K4:P4) -> 84 | Q1: =Q4+S4 -> 248 | R1: =R4 -> 9 | T1: =T4 -> 212 | V1: =V4 -> 5 | W1: =W4 -> 5
B2: =492-84 -> 408 | F2: # of 13mm | G2: =H4 -> 467 | H2: 125 mL sample Bottles | J2: ½ Gallon Milk Jugs | K2: Cubitainers | Q2: 1000mL | T2: 500 mL | V2: 4 oz HDPE | W2: 6 oz Glass
F3: # of 16mm | G3: =H4 -> 467 | K3: Phyto | P3: =SUM(P6:P991) -> 29 | U3: DO
G4: # of Samples | H4: =SUM(H6:H976) -> 467 | I4: =SUM(I6:I976) -> 173 | J4: =SUM(J6:J976) -> 381 | K4: =SUM(K6:K976) -> 84 | Q4: =SUM(Q6:Q976) -> 136 | R4: =SUM(R6:R976) -> 9 | S4: =SUM(S6:S976) -> 112 | T4: =SUM(T6:T976) -> 212 | U4: =SUM(U6:U1020) -> 43 | V4: =SUM(V6:V976) -> 5 | W4: =SUM(W6:W976) -> 5 | X4: =SUM(X6:X976) -> 1651 | Y4: =SUM(Y6:Y976) -> 14 | AA4: =SUM(AA6:AA976)*3 -> 1401
A5: Basin | B5: Station ID | C5: Sample ID | D5: Depth Code | E5: QC Type | F5: Visit ID | G5: Survey ID | H5: Nutrients | I5: Metals Total | J5: Board | K5: Int,Comp | L5: susps | M5: tpp | N5: tpn | O5: poc | P5: particulate | Q5: Phyto Plankton | R5: Benthos | S5: Mysis | T5: Zoo Plankton | U5: DO | V5: Grain Size Analysis | W5: Sediment CNP | X5: Nutrients Bottle Count | Y5: DO QA
A6: S | B6: MI 11 | C6: 24GM00S01 | D6: SRF | E6: RFS | F6: M011A24 | G6: MI2411 | H6: =IF(OR(RIGHT(C6,1)="A",RIGHT(C6,1)="B",RIGHT(C6,1)="C",D6="Benthos",D6="Sediment",D6="Sediments",D6="D100",D6="D20",D6="Mysis",E6="FD1",E6="LD1"),"",1) -> 1 | I6: =IF(RIGHT(B6,1)="M",IF(AND(H6=1,E6="RFS",D6=INDEX('Station Depth Averages'!$A$3:$B$84,MATCH(B6,'Station Depth Averages'!$A$3:$A$84,0),2)),1,""),IF(AND(H6=1,OR(D6="SYN",D6="SRF",D6="MID")),1,IF(AND(H6=1,OR(E7="FDn",E7="LDn")),1,IF(AND(H6=1,OR(E6="FDn",E6="LDn")),1,"")))) -> 1 | J6: =IF(OR(D6="INT",D6="Benthos",D6="D100",D6="D20",E6="LDn",D6="mysis",D6="sediment",D6="sediments",OR(RIGHT(C6,1)="A",RIGHT(C6,1)="B",RIGHT(C6,1)="C",E6="FD1",E6="LD1")),"",1) -> 1 | K6: =IF(D6="INT",1,"") | L6: =IF(AND(LEFT(B6,1)="E",A6<>"E",RIGHT(B6,1)="M"),IF(AND(A6="w",D6="MID",E6="RFS"),1,IF(AND(A6="C",D6="5M",E6="RFS"),1,"")),IF(AND(RIGHT(B6,1)="M",D6="10M",E6="RFS"),1,"")) | M6: =IF(L6=1,1,"") | N6: =IF(M6=1,1,"") | O6: =IF(N6=1,1,"") | P6: =IF(O6=1,1,"") | Q6: =IF(AND(OR(D6="INT",D6="DCL"),OR(LEFT(B6,2)="SU",LEFT(B6,2)="HU",LEFT(B6,2)="MI",LEFT(B6,2)="CS",LEFT(B6,2)="ON")),2,IF(AND(OR(D6="INT",D6="DCL"),LEFT(B6,2)="ER"),1,"")) | R6: =IF(D6="benthos",1,"") | S6: =IF(D6="mysis",1,"") | T6: =IF(AND(OR(D6="d20",D6="d100"),LEFT(B6,2)="SU"),2,IF(OR(D6="D20",D6="d100"),1,"")) | U6: =IF(VLOOKUP(C6,'QA Table'!$Y$5:$Y$20,1,TRUE)=C6,1,0) -> 0 | V6: =IF(AND(D6="Sediment",RIGHT(C6,1)="8"),1,"") | W6: =IF(AND(D6="Sediment",RIGHT(C6,1)="9"),1,"") | X6: =IF(AND(H6=1,OR(LEFT(B6,1)="M",LEFT(B6,1)="E",LEFT(B6,1)="O",LEFT(B6,1)="C")),4,IF(AND(H6=1,OR(LEFT(B6,1)="H",LEFT(B6,1)="S")),3,"")) -> 4 | Y6: =IF(U6=1,1,IF(AND(E6="LD1",U5=1),1,IF(AND(E6="FD1",U4=1),1,0))) -> 0 | AA6: =IF(X6<>"",1,"") -> 1
A7: S | B7: MI 11 | C7: 24GM00D01 | D7: SRF | E7: FDn | F7: M011A24 | G7: MI2411 | H7: =IF(OR(RIGHT(C7,1)="A",RIGHT(C7,1)="B",RIGHT(C7,1)="C",D7="Benthos",D7="Sediment",D7="Sediments",D7="D100",D7="D20",D7="Mysis",E7="FD1",E7="LD1"),"",1) -> 1 | I7: =IF(RIGHT(B7,1)="M",IF(AND(H7=1,E7="RFS",D7=INDEX('Station Depth Averages'!$A$3:$B$84,MATCH(B7,'Station Depth Averages'!$A$3:$A$84,0),2)),1,""),IF(AND(H7=1,OR(D7="SYN",D7="SRF",D7="MID")),1,IF(AND(H7=1,OR(E8="FDn",E8="LDn")),1,IF(AND(H7=1,OR(E7="FDn",E7="LDn")),1,"")))) -> 1 | J7: =IF(OR(D7="INT",D7="Benthos",D7="D100",D7="D20",E7="LDn",D7="mysis",D7="sediment",D7="sediments",OR(RIGHT(C7,1)="A",RIGHT(C7,1)="B",RIGHT(C7,1)="C",E7="FD1",E7="LD1")),"",1) -> 1 | K7: =IF(D7="INT",1,"") | L7: =IF(AND(LEFT(B7,1)="E",A7<>"E",RIGHT(B7,1)="M"),IF(AND(A7="w",D7="MID",E7="RFS"),1,IF(AND(A7="C",D7="5M",E7="RFS"),1,"")),IF(AND(RIGHT(B7,1)="M",D7="10M",E7="RFS"),1,"")) | M7: =IF(L7=1,1,"") | N7: =IF(M7=1,1,"") | O7: =IF(N7=1,1,"") | P7: =IF(O7=1,1,"") | Q7: =IF(AND(OR(D7="INT",D7="DCL"),OR(LEFT(B7,2)="SU",LEFT(B7,2)="HU",LEFT(B7,2)="MI",LEFT(B7,2)="CS",LEFT(B7,2)="ON")),2,IF(AND(OR(D7="INT",D7="DCL"),LEFT(B7,2)="ER"),1,"")) | R7: =IF(D7="benthos",1,"") | S7: =IF(D7="mysis",1,"") | T7: =IF(AND(OR(D7="d20",D7="d100"),LEFT(B7,2)="SU"),2,IF(OR(D7="D20",D7="d100"),1,"")) | U7: =IF(VLOOKUP(C7,'QA Table'!$Y$5:$Y$20,1,TRUE)=C7,1,0) -> 0 | V7: =IF(AND(D7="Sediment",RIGHT(C7,1)="8"),1,"") | W7: =IF(AND(D7="Sediment",RIGHT(C7,1)="9"),1,"") | X7: =IF(AND(H7=1,OR(LEFT(B7,1)="M",LEFT(B7,1)="E",LEFT(B7,1)="O",LEFT(B7,1)="C")),4,IF(AND(H7=1,OR(LEFT(B7,1)="H",LEFT(B7,1)="S")),3,"")) -> 4 | Y7: =IF(U7=1,1,IF(AND(E7="LD1",U6=1),1,IF(AND(E7="FD1",U5=1),1,0))) -> 0 | AA7: =IF(X7<>"",1,"") -> 1
A8: S | B8: MI 11 | C8: 24GM00S0A | D8: 5M | E8: RFS | F8: M011A24 | G8: MI2411 | H8: =IF(OR(RIGHT(C8,1)="A",RIGHT(C8,1)="B",RIGHT(C8,1)="C",D8="Benthos",D8="Sediment",D8="Sediments",D8="D100",D8="D20",D8="Mysis",E8="FD1",E8="LD1"),"",1) | I8: =IF(RIGHT(B8,1)="M",IF(AND(H8=1,E8="RFS",D8=INDEX('Station Depth Averages'!$A$3:$B$84,MATCH(B8,'Station Depth Averages'!$A$3:$A$84,0),2)),1,""),IF(AND(H8=1,OR(D8="SYN",D8="SRF",D8="MID")),1,IF(AND(H8=1,OR(E9="FDn",E9="LDn")),1,IF(AND(H8=1,OR(E8="FDn",E8="LDn")),1,"")))) | J8: =IF(OR(D8="INT",D8="Benthos",D8="D100",D8="D20",E8="LDn",D8="mysis",D8="sediment",D8="sediments",OR(RIGHT(C8,1)="A",RIGHT(C8,1)="B",RIGHT(C8,1)="C",E8="FD1",E8="LD1")),"",1) | K8: =IF(D8="INT",1,"") | L8: =IF(AND(LEFT(B8,1)="E",A8<>"E",RIGHT(B8,1)="M"),IF(AND(A8="w",D8="MID",E8="RFS"),1,IF(AND(A8="C",D8="5M",E8="RFS"),1,"")),IF(AND(RIGHT(B8,1)="M",D8="10M",E8="RFS"),1,"")) | M8: =IF(L8=1,1,"") | N8: =IF(M8=1,1,"") | O8: =IF(N8=1,1,"") | P8: =IF(O8=1,1,"") | Q8: =IF(AND(OR(D8="INT",D8="DCL"),OR(LEFT(B8,2)="SU",LEFT(B8,2)="HU",LEFT(B8,2)="MI",LEFT(B8,2)="CS",LEFT(B8,2)="ON")),2,IF(AND(OR(D8="INT",D8="DCL"),LEFT(B8,2)="ER"),1,"")) | R8: =IF(D8="benthos",1,"") | S8: =IF(D8="mysis",1,"") | T8: =IF(AND(OR(D8="d20",D8="d100"),LEFT(B8,2)="SU"),2,IF(OR(D8="D20",D8="d100"),1,"")) | U8: =IF(VLOOKUP(C8,'QA Table'!$Y$5:$Y$20,1,TRUE)=C8,1,0) -> 0 | V8: =IF(AND(D8="Sediment",RIGHT(C8,1)="8"),1,"") | W8: =IF(AND(D8="Sediment",RIGHT(C8,1)="9"),1,"") | X8: =IF(AND(H8=1,OR(LEFT(B8,1)="M",LEFT(B8,1)="E",LEFT(B8,1)="O",LEFT(B8,1)="C")),4,IF(AND(H8=1,OR(LEFT(B8,1)="H",LEFT(B8,1)="S")),3,"")) | Y8: =IF(U8=1,1,IF(AND(E8="LD1",U7=1),1,IF(AND(E8="FD1",U6=1),1,0))) -> 0 | AA8: =IF(X8<>"",1,"")
A9: S | B9: MI 11 | C9: 24GM00S0B | D9: 10M | E9: RFS | F9: M011A24 | G9: MI2411 | H9: =IF(OR(RIGHT(C9,1)="A",RIGHT(C9,1)="B",RIGHT(C9,1)="C",D9="Benthos",D9="Sediment",D9="Sediments",D9="D100",D9="D20",D9="Mysis",E9="FD1",E9="LD1"),"",1) | I9: =IF(RIGHT(B9,1)="M",IF(AND(H9=1,E9="RFS",D9=INDEX('Station Depth Averages'!$A$3:$B$84,MATCH(B9,'Station Depth Averages'!$A$3:$A$84,0),2)),1,""),IF(AND(H9=1,OR(D9="SYN",D9="SRF",D9="MID")),1,IF(AND(H9=1,OR(E10="FDn",E10="LDn")),1,IF(AND(H9=1,OR(E9="FDn",E9="LDn")),1,"")))) | J9: =IF(OR(D9="INT",D9="Benthos",D9="D100",D9="D20",E9="LDn",D9="mysis",D9="sediment",D9="sediments",OR(RIGHT(C9,1)="A",RIGHT(C9,1)="B",RIGHT(C9,1)="C",E9="FD1",E9="LD1")),"",1) | K9: =IF(D9="INT",1,"") | L9: =IF(AND(LEFT(B9,1)="E",A9<>"E",RIGHT(B9,1)="M"),IF(AND(A9="w",D9="MID",E9="RFS"),1,IF(AND(A9="C",D9="5M",E9="RFS"),1,"")),IF(AND(RIGHT(B9,1)="M",D9="10M",E9="RFS"),1,"")) | M9: =IF(L9=1,1,"") | N9: =IF(M9=1,1,"") | O9: =IF(N9=1,1,"") | P9: =IF(O9=1,1,"") | Q9: =IF(AND(OR(D9="INT",D9="DCL"),OR(LEFT(B9,2)="SU",LEFT(B9,2)="HU",LEFT(B9,2)="MI",LEFT(B9,2)="CS",LEFT(B9,2)="ON")),2,IF(AND(OR(D9="INT",D9="DCL"),LEFT(B9,2)="ER"),1,"")) | R9: =IF(D9="benthos",1,"") | S9: =IF(D9="mysis",1,"") | T9: =IF(AND(OR(D9="d20",D9="d100"),LEFT(B9,2)="SU"),2,IF(OR(D9="D20",D9="d100"),1,"")) | U9: =IF(VLOOKUP(C9,'QA Table'!$Y$5:$Y$20,1,TRUE)=C9,1,0) -> 0 | V9: =IF(AND(D9="Sediment",RIGHT(C9,1)="8"),1,"") | W9: =IF(AND(D9="Sediment",RIGHT(C9,1)="9"),1,"") | X9: =IF(AND(H9=1,OR(LEFT(B9,1)="M",LEFT(B9,1)="E",LEFT(B9,1)="O",LEFT(B9,1)="C")),4,IF(AND(H9=1,OR(LEFT(B9,1)="H",LEFT(B9,1)="S")),3,"")) | Y9: =IF(U9=1,1,IF(AND(E9="LD1",U8=1),1,IF(AND(E9="FD1",U7=1),1,0))) -> 0 | AA9: =IF(X9<>"",1,"")
A10: S | B10: MI 11 | C10: 24GM00S0C | D10: 20M | E10: RFS | F10: M011A24 | G10: MI2411 | H10: =IF(OR(RIGHT(C10,1)="A",RIGHT(C10,1)="B",RIGHT(C10,1)="C",D10="Benthos",D10="Sediment",D10="Sediments",D10="D100",D10="D20",D10="Mysis",E10="FD1",E10="LD1"),"",1) | I10: =IF(RIGHT(B10,1)="M",IF(AND(H10=1,E10="RFS",D10=INDEX('Station Depth Averages'!$A$3:$B$84,MATCH(B10,'Station Depth Averages'!$A$3:$A$84,0),2)),1,""),IF(AND(H10=1,OR(D10="SYN",D10="SRF",D10="MID")),1,IF(AND(H10=1,OR(E11="FDn",E11="LDn")),1,IF(AND(H10=1,OR(E10="FDn",E10="LDn")),1,"")))) | J10: =IF(OR(D10="INT",D10="Benthos",D10="D100",D10="D20",E10="LDn",D10="mysis",D10="sediment",D10="sediments",OR(RIGHT(C10,1)="A",RIGHT(C10,1)="B",RIGHT(C10,1)="C",E10="FD1",E10="LD1")),"",1) | K10: =IF(D10="INT",1,"") | L10: =IF(AND(LEFT(B10,1)="E",A10<>"E",RIGHT(B10,1)="M"),IF(AND(A10="w",D10="MID",E10="RFS"),1,IF(AND(A10="C",D10="5M",E10="RFS"),1,"")),IF(AND(RIGHT(B10,1)="M",D10="10M",E10="RFS"),1,"")) | M10: =IF(L10=1,1,"") | N10: =IF(M10=1,1,"") | O10: =IF(N10=1,1,"") | P10: =IF(O10=1,1,"") | Q10: =IF(AND(OR(D10="INT",D10="DCL"),OR(LEFT(B10,2)="SU",LEFT(B10,2)="HU",LEFT(B10,2)="MI",LEFT(B10,2)="CS",LEFT(B10,2)="ON")),2,IF(AND(OR(D10="INT",D10="DCL"),LEFT(B10,2)="ER"),1,"")) | R10: =IF(D10="benthos",1,"") | S10: =IF(D10="mysis",1,"") | T10: =IF(AND(OR(D10="d20",D10="d100"),LEFT(B10,2)="SU"),2,IF(OR(D10="D20",D10="d100"),1,"")) | U10: =IF(VLOOKUP(C10,'QA Table'!$Y$5:$Y$20,1,TRUE)=C10,1,0) -> 0 | V10: =IF(AND(D10="Sediment",RIGHT(C10,1)="8"),1,"") | W10: =IF(AND(D10="Sediment",RIGHT(C10,1)="9"),1,"") | X10: =IF(AND(H10=1,OR(LEFT(B10,1)="M",LEFT(B10,1)="E",LEFT(B10,1)="O",LEFT(B10,1)="C")),4,IF(AND(H10=1,OR(LEFT(B10,1)="H",LEFT(B10,1)="S")),3,"")) | Y10: =IF(U10=1,1,IF(AND(E10="LD1",U9=1),1,IF(AND(E10="FD1",U8=1),1,0))) -> 0 | AA10: =IF(X10<>"",1,"")
A11: S | B11: MI 11 | C11: 24GM00S03 | D11: MID | E11: RFS | F11: M011A24 | G11: MI2411 | H11: =IF(OR(RIGHT(C11,1)="A",RIGHT(C11,1)="B",RIGHT(C11,1)="C",D11="Benthos",D11="Sediment",D11="Sediments",D11="D100",D11="D20",D11="Mysis",E11="FD1",E11="LD1"),"",1) -> 1 | I11: =IF(RIGHT(B11,1)="M",IF(AND(H11=1,E11="RFS",D11=INDEX('Station Depth Averages'!$A$3:$B$84,MATCH(B11,'Station Depth Averages'!$A$3:$A$84,0),2)),1,""),IF(AND(H11=1,OR(D11="SYN",D11="SRF",D11="MID")),1,IF(AND(H11=1,OR(E12="FDn",E12="LDn")),1,IF(AND(H11=1,OR(E11="FDn",E11="LDn")),1,"")))) -> 1 | J11: =IF(OR(D11="INT",D11="Benthos",D11="D100",D11="D20",E11="LDn",D11="mysis",D11="sediment",D11="sediments",OR(RIGHT(C11,1)="A",RIGHT(C11,1)="B",RIGHT(C11,1)="C",E11="FD1",E11="LD1")),"",1) -> 1 | K11: =IF(D11="INT",1,"") | L11: =IF(AND(LEFT(B11,1)="E",A11<>"E",RIGHT(B11,1)="M"),IF(AND(A11="w",D11="MID",E11="RFS"),1,IF(AND(A11="C",D11="5M",E11="RFS"),1,"")),IF(AND(RIGHT(B11,1)="M",D11="10M",E11="RFS"),1,"")) | M11: =IF(L11=1,1,"") | N11: =IF(M11=1,1,"") | O11: =IF(N11=1,1,"") | P11: =IF(O11=1,1,"") | Q11: =IF(AND(OR(D11="INT",D11="DCL"),OR(LEFT(B11,2)="SU",LEFT(B11,2)="HU",LEFT(B11,2)="MI",LEFT(B11,2)="CS",LEFT(B11,2)="ON")),2,IF(AND(OR(D11="INT",D11="DCL"),LEFT(B11,2)="ER"),1,"")) | R11: =IF(D11="benthos",1,"") | S11: =IF(D11="mysis",1,"") | T11: =IF(AND(OR(D11="d20",D11="d100"),LEFT(B11,2)="SU"),2,IF(OR(D11="D20",D11="d100"),1,"")) | U11: =IF(VLOOKUP(C11,'QA Table'!$Y$5:$Y$20,1,TRUE)=C11,1,0) -> 0 | V11: =IF(AND(D11="Sediment",RIGHT(C11,1)="8"),1,"") | W11: =IF(AND(D11="Sediment",RIGHT(C11,1)="9"),1,"") | X11: =IF(AND(H11=1,OR(LEFT(B11,1)="M",LEFT(B11,1)="E",LEFT(B11,1)="O",LEFT(B11,1)="C")),4,IF(AND(H11=1,OR(LEFT(B11,1)="H",LEFT(B11,1)="S")),3,"")) -> 4 | Y11: =IF(U11=1,1,IF(AND(E11="LD1",U10=1),1,IF(AND(E11="FD1",U9=1),1,0))) -> 0 | AA11: =IF(X11<>"",1,"") -> 1
A12: S | B12: MI 11 | C12: 24GM00S10 | D12: B10 | E12: RFS | F12: M011A24 | G12: MI2411 | H12: =IF(OR(RIGHT(C12,1)="A",RIGHT(C12,1)="B",RIGHT(C12,1)="C",D12="Benthos",D12="Sediment",D12="Sediments",D12="D100",D12="D20",D12="Mysis",E12="FD1",E12="LD1"),"",1) -> 1 | I12: =IF(RIGHT(B12,1)="M",IF(AND(H12=1,E12="RFS",D12=INDEX('Station Depth Averages'!$A$3:$B$84,MATCH(B12,'Station Depth Averages'!$A$3:$A$84,0),2)),1,""),IF(AND(H12=1,OR(D12="SYN",D12="SRF",D12="MID")),1,IF(AND(H12=1,OR(E13="FDn",E13="LDn")),1,IF(AND(H12=1,OR(E12="FDn",E12="LDn")),1,"")))) | J12: =IF(OR(D12="INT",D12="Benthos",D12="D100",D12="D20",E12="LDn",D12="mysis",D12="sediment",D12="sediments",OR(RIGHT(C12,1)="A",RIGHT(C12,1)="B",RIGHT(C12,1)="C",E12="FD1",E12="LD1")),"",1) -> 1 | K12: =IF(D12="INT",1,"") | L12: =IF(AND(LEFT(B12,1)="E",A12<>"E",RIGHT(B12,1)="M"),IF(AND(A12="w",D12="MID",E12="RFS"),1,IF(AND(A12="C",D12="5M",E12="RFS"),1,"")),IF(AND(RIGHT(B12,1)="M",D12="10M",E12="RFS"),1,"")) | M12: =IF(L12=1,1,"") | N12: =IF(M12=1,1,"") | O12: =IF(N12=1,1,"") | P12: =IF(O12=1,1,"") | Q12: =IF(AND(OR(D12="INT",D12="DCL"),OR(LEFT(B12,2)="SU",LEFT(B12,2)="HU",LEFT(B12,2)="MI",LEFT(B12,2)="CS",LEFT(B12,2)="ON")),2,IF(AND(OR(D12="INT",D12="DCL"),LEFT(B12,2)="ER"),1,"")) | R12: =IF(D12="benthos",1,"") | S12: =IF(D12="mysis",1,"") | T12: =IF(AND(OR(D12="d20",D12="d100"),LEFT(B12,2)="SU"),2,IF(OR(D12="D20",D12="d100"),1,"")) | U12: =IF(VLOOKUP(C12,'QA Table'!$Y$5:$Y$20,1,TRUE)=C12,1,0) -> 0 | V12: =IF(AND(D12="Sediment",RIGHT(C12,1)="8"),1,"") | W12: =IF(AND(D12="Sediment",RIGHT(C12,1)="9"),1,"") | X12: =IF(AND(H12=1,OR(LEFT(B12,1)="M",LEFT(B12,1)="E",LEFT(B12,1)="O",LEFT(B12,1)="C")),4,IF(AND(H12=1,OR(LEFT(B12,1)="H",LEFT(B12,1)="S")),3,"")) -> 4 | Y12: =IF(U12=1,1,IF(AND(E12="LD1",U11=1),1,IF(AND(E12="FD1",U10=1),1,0))) -> 0 | AA12: =IF(X12<>"",1,"") -> 1
A13: S | B13: MI 11 | C13: 24GM00S11 | D13: B- | E13: RFS | F13: M011A24 | G13: MI2411 | H13: =IF(OR(RIGHT(C13,1)="A",RIGHT(C13,1)="B",RIGHT(C13,1)="C",D13="Benthos",D13="Sediment",D13="Sediments",D13="D100",D13="D20",D13="Mysis",E13="FD1",E13="LD1"),"",1) -> 1 | I13: =IF(RIGHT(B13,1)="M",IF(AND(H13=1,E13="RFS",D13=INDEX('Station Depth Averages'!$A$3:$B$84,MATCH(B13,'Station Depth Averages'!$A$3:$A$84,0),2)),1,""),IF(AND(H13=1,OR(D13="SYN",D13="SRF",D13="MID")),1,IF(AND(H13=1,OR(E14="FDn",E14="LDn")),1,IF(AND(H13=1,OR(E13="FDn",E13="LDn")),1,"")))) | J13: =IF(OR(D13="INT",D13="Benthos",D13="D100",D13="D20",E13="LDn",D13="mysis",D13="sediment",D13="sediments",OR(RIGHT(C13,1)="A",RIGHT(C13,1)="B",RIGHT(C13,1)="C",E13="FD1",E13="LD1")),"",1) -> 1 | K13: =IF(D13="INT",1,"") | L13: =IF(AND(LEFT(B13,1)="E",A13<>"E",RIGHT(B13,1)="M"),IF(AND(A13="w",D13="MID",E13="RFS"),1,IF(AND(A13="C",D13="5M",E13="RFS"),1,"")),IF(AND(RIGHT(B13,1)="M",D13="10M",E13="RFS"),1,"")) | M13: =IF(L13=1,1,"") | N13: =IF(M13=1,1,"") | O13: =IF(N13=1,1,"") | P13: =IF(O13=1,1,"") | Q13: =IF(AND(OR(D13="INT",D13="DCL"),OR(LEFT(B13,2)="SU",LEFT(B13,2)="HU",LEFT(B13,2)="MI",LEFT(B13,2)="CS",LEFT(B13,2)="ON")),2,IF(AND(OR(D13="INT",D13="DCL"),LEFT(B13,2)="ER"),1,"")) | R13: =IF(D13="benthos",1,"") | S13: =IF(D13="mysis",1,"") | T13: =IF(AND(OR(D13="d20",D13="d100"),LEFT(B13,2)="SU"),2,IF(OR(D13="D20",D13="d100"),1,"")) | U13: =IF(VLOOKUP(C13,'QA Table'!$Y$5:$Y$20,1,TRUE)=C13,1,0) -> 0 | V13: =IF(AND(D13="Sediment",RIGHT(C13,1)="8"),1,"") | W13: =IF(AND(D13="Sediment",RIGHT(C13,1)="9"),1,"") | X13: =IF(AND(H13=1,OR(LEFT(B13,1)="M",LEFT(B13,1)="E",LEFT(B13,1)="O",LEFT(B13,1)="C")),4,IF(AND(H13=1,OR(LEFT(B13,1)="H",LEFT(B13,1)="S")),3,"")) -> 4 | Y13: =IF(U13=1,1,IF(AND(E13="LD1",U12=1),1,IF(AND(E13="FD1",U11=1),1,0))) -> 0 | AA13: =IF(X13<>"",1,"") -> 1
A14: S | B14: MI 11 | C14: 24GM00I12 | D14: INT | E14: RFS | F14: M011A24 | G14: MI2411 | H14: =IF(OR(RIGHT(C14,1)="A",RIGHT(C14,1)="B",RIGHT(C14,1)="C",D14="Benthos",D14="Sediment",D14="Sediments",D14="D100",D14="D20",D14="Mysis",E14="FD1",E14="LD1"),"",1) -> 1 | I14: =IF(RIGHT(B14,1)="M",IF(AND(H14=1,E14="RFS",D14=INDEX('Station Depth Averages'!$A$3:$B$84,MATCH(B14,'Station Depth Averages'!$A$3:$A$84,0),2)),1,""),IF(AND(H14=1,OR(D14="SYN",D14="SRF",D14="MID")),1,IF(AND(H14=1,OR(E15="FDn",E15="LDn")),1,IF(AND(H14=1,OR(E14="FDn",E14="LDn")),1,"")))) | J14: =IF(OR(D14="INT",D14="Benthos",D14="D100",D14="D20",E14="LDn",D14="mysis",D14="sediment",D14="sediments",OR(RIGHT(C14,1)="A",RIGHT(C14,1)="B",RIGHT(C14,1)="C",E14="FD1",E14="LD1")),"",1) | K14: =IF(D14="INT",1,"") -> 1 | L14: =IF(AND(LEFT(B14,1)="E",A14<>"E",RIGHT(B14,1)="M"),IF(AND(A14="w",D14="MID",E14="RFS"),1,IF(AND(A14="C",D14="5M",E14="RFS"),1,"")),IF(AND(RIGHT(B14,1)="M",D14="10M",E14="RFS"),1,"")) | M14: =IF(L14=1,1,"") | N14: =IF(M14=1,1,"") | O14: =IF(N14=1,1,"") | P14: =IF(O14=1,1,"") | Q14: =IF(AND(OR(D14="INT",D14="DCL"),OR(LEFT(B14,2)="SU",LEFT(B14,2)="HU",LEFT(B14,2)="MI",LEFT(B14,2)="CS",LEFT(B14,2)="ON")),2,IF(AND(OR(D14="INT",D14="DCL"),LEFT(B14,2)="ER"),1,"")) -> 2 | R14: =IF(D14="benthos",1,"") | S14: =IF(D14="mysis",1,"") | T14: =IF(AND(OR(D14="d20",D14="d100"),LEFT(B14,2)="SU"),2,IF(OR(D14="D20",D14="d100"),1,"")) | U14: =IF(VLOOKUP(C14,'QA Table'!$Y$5:$Y$20,1,TRUE)=C14,1,0) -> 0 | V14: =IF(AND(D14="Sediment",RIGHT(C14,1)="8"),1,"") | W14: =IF(AND(D14="Sediment",RIGHT(C14,1)="9"),1,"") | X14: =IF(AND(H14=1,OR(LEFT(B14,1)="M",LEFT(B14,1)="E",LEFT(B14,1)="O",LEFT(B14,1)="C")),4,IF(AND(H14=1,OR(LEFT(B14,1)="H",LEFT(B14,1)="S")),3,"")) -> 4 | Y14: =IF(U14=1,1,IF(AND(E14="LD1",U13=1),1,IF(AND(E14="FD1",U12=1),1,0))) -> 0 | AA14: =IF(X14<>"",1,"") -> 1
A15: S | B15: MI 11 | C15: 24GM00I13 | D15: D100 | E15: RFS | F15: M011A24 | G15: MI2411 | H15: =IF(OR(RIGHT(C15,1)="A",RIGHT(C15,1)="B",RIGHT(C15,1)="C",D15="Benthos",D15="Sediment",D15="Sediments",D15="D100",D15="D20",D15="Mysis",E15="FD1",E15="LD1"),"",1) | I15: =IF(RIGHT(B15,1)="M",IF(AND(H15=1,E15="RFS",D15=INDEX('Station Depth Averages'!$A$3:$B$84,MATCH(B15,'Station Depth Averages'!$A$3:$A$84,0),2)),1,""),IF(AND(H15=1,OR(D15="SYN",D15="SRF",D15="MID")),1,IF(AND(H15=1,OR(E16="FDn",E16="LDn")),1,IF(AND(H15=1,OR(E15="FDn",E15="LDn")),1,"")))) | J15: =IF(OR(D15="INT",D15="Benthos",D15="D100",D15="D20",E15="LDn",D15="mysis",D15="sediment",D15="sediments",OR(RIGHT(C15,1)="A",RIGHT(C15,1)="B",RIGHT(C15,1)="C",E15="FD1",E15="LD1")),"",1) | K15: =IF(D15="INT",1,"") | L15: =IF(AND(LEFT(B15,1)="E",A15<>"E",RIGHT(B15,1)="M"),IF(AND(A15="w",D15="MID",E15="RFS"),1,IF(AND(A15="C",D15="5M",E15="RFS"),1,"")),IF(AND(RIGHT(B15,1)="M",D15="10M",E15="RFS"),1,"")) | M15: =IF(L15=1,1,"") | N15: =IF(M15=1,1,"") | O15: =IF(N15=1,1,"") | P15: =IF(O15=1,1,"") | Q15: =IF(AND(OR(D15="INT",D15="DCL"),OR(LEFT(B15,2)="SU",LEFT(B15,2)="HU",LEFT(B15,2)="MI",LEFT(B15,2)="CS",LEFT(B15,2)="ON")),2,IF(AND(OR(D15="INT",D15="DCL"),LEFT(B15,2)="ER"),1,"")) | R15: =IF(D15="benthos",1,"") | S15: =IF(D15="mysis",1,"") | T15: =IF(AND(OR(D15="d20",D15="d100"),LEFT(B15,2)="SU"),2,IF(OR(D15="D20",D15="d100"),1,"")) -> 1 | U15: =IF(VLOOKUP(C15,'QA Table'!$Y$5:$Y$20,1,TRUE)=C15,1,0) -> 0 | V15: =IF(AND(D15="Sediment",RIGHT(C15,1)="8"),1,"") | W15: =IF(AND(D15="Sediment",RIGHT(C15,1)="9"),1,"") | X15: =IF(AND(H15=1,OR(LEFT(B15,1)="M",LEFT(B15,1)="E",LEFT(B15,1)="O",LEFT(B15,1)="C")),4,IF(AND(H15=1,OR(LEFT(B15,1)="H",LEFT(B15,1)="S")),3,"")) | Y15: =IF(U15=1,1,IF(AND(E15="LD1",U14=1),1,IF(AND(E15="FD1",U13=1),1,0))) -> 0 | AA15: =IF(X15<>"",1,"")
A16: S | B16: MI 11 | C16: 24GM00I14 | D16: D20 | E16: RFS | F16: M011A24 | G16: MI2411 | H16: =IF(OR(RIGHT(C16,1)="A",RIGHT(C16,1)="B",RIGHT(C16,1)="C",D16="Benthos",D16="Sediment",D16="Sediments",D16="D100",D16="D20",D16="Mysis",E16="FD1",E16="LD1"),"",1) | I16: =IF(RIGHT(B16,1)="M",IF(AND(H16=1,E16="RFS",D16=INDEX('Station Depth Averages'!$A$3:$B$84,MATCH(B16,'Station Depth Averages'!$A$3:$A$84,0),2)),1,""),IF(AND(H16=1,OR(D16="SYN",D16="SRF",D16="MID")),1,IF(AND(H16=1,OR(E17="FDn",E17="LDn")),1,IF(AND(H16=1,OR(E16="FDn",E16="LDn")),1,"")))) | J16: =IF(OR(D16="INT",D16="Benthos",D16="D100",D16="D20",E16="LDn",D16="mysis",D16="sediment",D16="sediments",OR(RIGHT(C16,1)="A",RIGHT(C16,1)="B",RIGHT(C16,1)="C",E16="FD1",E16="LD1")),"",1) | K16: =IF(D16="INT",1,"") | L16: =IF(AND(LEFT(B16,1)="E",A16<>"E",RIGHT(B16,1)="M"),IF(AND(A16="w",D16="MID",E16="RFS"),1,IF(AND(A16="C",D16="5M",E16="RFS"),1,"")),IF(AND(RIGHT(B16,1)="M",D16="10M",E16="RFS"),1,"")) | M16: =IF(L16=1,1,"") | N16: =IF(M16=1,1,"") | O16: =IF(N16=1,1,"") | P16: =IF(O16=1,1,"") | Q16: =IF(AND(OR(D16="INT",D16="DCL"),OR(LEFT(B16,2)="SU",LEFT(B16,2)="HU",LEFT(B16,2)="MI",LEFT(B16,2)="CS",LEFT(B16,2)="ON")),2,IF(AND(OR(D16="INT",D16="DCL"),LEFT(B16,2)="ER"),1,"")) | R16: =IF(D16="benthos",1,"") | S16: =IF(D16="mysis",1,"") | T16: =IF(AND(OR(D16="d20",D16="d100"),LEFT(B16,2)="SU"),2,IF(OR(D16="D20",D16="d100"),1,"")) -> 1 | U16: =IF(VLOOKUP(C16,'QA Table'!$Y$5:$Y$20,1,TRUE)=C16,1,0) -> 0 | V16: =IF(AND(D16="Sediment",RIGHT(C16,1)="8"),1,"") | W16: =IF(AND(D16="Sediment",RIGHT(C16,1)="9"),1,"") | X16: =IF(AND(H16=1,OR(LEFT(B16,1)="M",LEFT(B16,1)="E",LEFT(B16,1)="O",LEFT(B16,1)="C")),4,IF(AND(H16=1,OR(LEFT(B16,1)="H",LEFT(B16,1)="S")),3,"")) | Y16: =IF(U16=1,1,IF(AND(E16="LD1",U15=1),1,IF(AND(E16="FD1",U14=1),1,0))) -> 0 | AA16: =IF(X16<>"",1,"")
A17: S | B17: MI 11 | C17: 24GM00S17 | D17: Mysis | E17: RFS | F17: M011A24 | G17: MI2411 | H17: =IF(OR(RIGHT(C17,1)="A",RIGHT(C17,1)="B",RIGHT(C17,1)="C",D17="Benthos",D17="Sediment",D17="Sediments",D17="D100",D17="D20",D17="Mysis",E17="FD1",E17="LD1"),"",1) | I17: =IF(RIGHT(B17,1)="M",IF(AND(H17=1,E17="RFS",D17=INDEX('Station Depth Averages'!$A$3:$B$84,MATCH(B17,'Station Depth Averages'!$A$3:$A$84,0),2)),1,""),IF(AND(H17=1,OR(D17="SYN",D17="SRF",D17="MID")),1,IF(AND(H17=1,OR(E18="FDn",E18="LDn")),1,IF(AND(H17=1,OR(E17="FDn",E17="LDn")),1,"")))) | J17: =IF(OR(D17="INT",D17="Benthos",D17="D100",D17="D20",E17="LDn",D17="mysis",D17="sediment",D17="sediments",OR(RIGHT(C17,1)="A",RIGHT(C17,1)="B",RIGHT(C17,1)="C",E17="FD1",E17="LD1")),"",1) | K17: =IF(D17="INT",1,"") | L17: =IF(AND(LEFT(B17,1)="E",A17<>"E",RIGHT(B17,1)="M"),IF(AND(A17="w",D17="MID",E17="RFS"),1,IF(AND(A17="C",D17="5M",E17="RFS"),1,"")),IF(AND(RIGHT(B17,1)="M",D17="10M",E17="RFS"),1,"")) | M17: =IF(L17=1,1,"") | N17: =IF(M17=1,1,"") | O17: =IF(N17=1,1,"") | P17: =IF(O17=1,1,"") | Q17: =IF(AND(OR(D17="INT",D17="DCL"),OR(LEFT(B17,2)="SU",LEFT(B17,2)="HU",LEFT(B17,2)="MI",LEFT(B17,2)="CS",LEFT(B17,2)="ON")),2,IF(AND(OR(D17="INT",D17="DCL"),LEFT(B17,2)="ER"),1,"")) | R17: =IF(D17="benthos",1,"") | S17: =IF(D17="mysis",1,"") -> 1 | T17: =IF(AND(OR(D17="d20",D17="d100"),LEFT(B17,2)="SU"),2,IF(OR(D17="D20",D17="d100"),1,"")) | U17: =IF(VLOOKUP(C17,'QA Table'!$Y$5:$Y$20,1,TRUE)=C17,1,0) -> 0 | V17: =IF(AND(D17="Sediment",RIGHT(C17,1)="8"),1,"") | W17: =IF(AND(D17="Sediment",RIGHT(C17,1)="9"),1,"") | X17: =IF(AND(H17=1,OR(LEFT(B17,1)="M",LEFT(B17,1)="E",LEFT(B17,1)="O",LEFT(B17,1)="C")),4,IF(AND(H17=1,OR(LEFT(B17,1)="H",LEFT(B17,1)="S")),3,"")) | Y17: =IF(U17=1,1,IF(AND(E17="LD1",U16=1),1,IF(AND(E17="FD1",U15=1),1,0))) -> 0 | AA17: =IF(X17<>"",1,"")
... A904: W | B904: SU 19 | C904: 24GS03D77 | D904: Mysis | E904: FD1 | F904: S019A24 | G904: SU2411 | H904: =IF(OR(RIGHT(C904,1)="A",RIGHT(C904,1)="B",RIGHT(C904,1)="C",D904="Benthos",D904="Sediment",D904="Sediments",D904="D100",D904="D20",D904="Mysis",E904="FD1",E904="LD1"),"",1) | I904: =IF(RIGHT(B904,1)="M",IF(AND(H904=1,E904="RFS",D904=INDEX('Station Depth Averages'!$A$3:$B$84,MATCH(B904,'Station Depth Averages'!$A$3:$A$84,0),2)),1,""),IF(AND(H904=1,OR(D904="SYN",D904="SRF",D904="MID")),1,IF(AND(H904=1,OR(E905="FDn",E905="LDn")),1,IF(AND(H904=1,OR(E904="FDn",E904="LDn")),1,"")))) | J904: =IF(OR(D904="INT",D904="Benthos",D904="D100",D904="D20",E904="LDn",D904="mysis",D904="sediment",D904="sediments",OR(RIGHT(C904,1)="A",RIGHT(C904,1)="B",RIGHT(C904,1)="C",E904="FD1",E904="LD1")),"",1) | K904: =IF(D904="INT",1,"") | L904: =IF(AND(LEFT(B904,1)="E",A904<>"E",RIGHT(B904,1)="M"),IF(AND(A904="w",D904="MID",E904="RFS"),1,IF(AND(A904="C",D904="5M",E904="RFS"),1,"")),IF(AND(RIGHT(B904,1)="M",D904="10M",E904="RFS"),1,"")) | M904: =IF(L904=1,1,"") | N904: =IF(M904=1,1,"") | O904: =IF(N904=1,1,"") | P904: =IF(O904=1,1,"") | Q904: =IF(AND(OR(D904="INT",D904="DCL"),OR(LEFT(B904,2)="SU",LEFT(B904,2)="HU",LEFT(B904,2)="MI",LEFT(B904,2)="CS",LEFT(B904,2)="ON")),2,IF(AND(OR(D904="INT",D904="DCL"),LEFT(B904,2)="ER"),1,"")) | R904: =IF(D904="benthos",1,"") | S904: =IF(D904="mysis",1,"") -> 1 | T904: =IF(AND(OR(D904="d20",D904="d100"),LEFT(B904,2)="SU"),2,IF(OR(D904="D20",D904="d100"),1,"")) | U904: =IF(VLOOKUP(C904,'QA Table'!$Y$5:$Y$20,1,TRUE)=C904,1,0) -> 0 | V904: =IF(AND(D904="Sediment",RIGHT(C904,1)="8"),1,"") | W904: =IF(AND(D904="Sediment",RIGHT(C904,1)="9"),1,"") | X904: =IF(AND(H904=1,OR(LEFT(B904,1)="M",LEFT(B904,1)="E",LEFT(B904,1)="O",LEFT(B904,1)="C")),4,IF(AND(H904=1,OR(LEFT(B904,1)="H",LEFT(B904,1)="S")),3,"")) | Y904: =IF(U904=1,1,IF(AND(E904="LD1",U903=1),1,IF(AND(E904="FD1",U902=1),1,0))) -> 0 | AA904: =IF(X904<>"",1,"")
A905: NS | B905: ECSER932n | C905: 24GE04S01 | D905: SRF | E905: RFS | F905: ECSER932nA24 | G905: ER2411 | J905: 1 | K905: =IF(D905="INT",1,"") | L905: =IF(AND(LEFT(B905,1)="E",A905<>"E",RIGHT(B905,1)="M"),IF(AND(A905="w",D905="MID",E905="RFS"),1,IF(AND(A905="C",D905="5M",E905="RFS"),1,"")),IF(AND(RIGHT(B905,1)="M",D905="10M",E905="RFS"),1,"")) | M905: =IF(L905=1,1,"") | N905: =IF(M905=1,1,"") | O905: =IF(N905=1,1,"") | P905: =IF(O905=1,1,"") | Q905: =IF(AND(OR(D905="INT",D905="DCL"),OR(LEFT(B905,2)="SU",LEFT(B905,2)="HU",LEFT(B905,2)="MI",LEFT(B905,2)="CS",LEFT(B905,2)="ON")),2,IF(AND(OR(D905="INT",D905="DCL"),LEFT(B905,2)="ER"),1,"")) | R905: =IF(D905="benthos",1,"") | S905: =IF(D905="mysis",1,"") | T905: =IF(AND(OR(D905="d20",D905="d100"),LEFT(B905,2)="SU"),2,IF(OR(D905="D20",D905="d100"),1,"")) | U905: =IF(VLOOKUP(C905,'QA Table'!$Y$5:$Y$20,1,TRUE)=C905,1,0) -> 0 | V905: =IF(AND(D905="Sediment",RIGHT(C905,1)="8"),1,"") | W905: =IF(AND(D905="Sediment",RIGHT(C905,1)="9"),1,"") | X905: =IF(AND(H905=1,OR(LEFT(B905,1)="M",LEFT(B905,1)="E",LEFT(B905,1)="O",LEFT(B905,1)="C")),4,IF(AND(H905=1,OR(LEFT(B905,1)="H",LEFT(B905,1)="S")),3,"")) | Y905: =IF(U905=1,1,IF(AND(E905="LD1",U904=1),1,IF(AND(E905="FD1",U903=1),1,0))) -> 0 | AA905: =IF(X905<>"",1,"")
A906: NS | B906: ECSER932n | C906: 24GE04S0A | D906: 5M | E906: RFS | F906: ECSER932nA24 | G906: ER2411 | K906: =IF(D906="INT",1,"") | L906: =IF(AND(LEFT(B906,1)="E",A906<>"E",RIGHT(B906,1)="M"),IF(AND(A906="w",D906="MID",E906="RFS"),1,IF(AND(A906="C",D906="5M",E906="RFS"),1,"")),IF(AND(RIGHT(B906,1)="M",D906="10M",E906="RFS"),1,"")) | M906: =IF(L906=1,1,"") | N906: =IF(M906=1,1,"") | O906: =IF(N906=1,1,"") | P906: =IF(O906=1,1,"") | Q906: =IF(AND(OR(D906="INT",D906="DCL"),OR(LEFT(B906,2)="SU",LEFT(B906,2)="HU",LEFT(B906,2)="MI",LEFT(B906,2)="CS",LEFT(B906,2)="ON")),2,IF(AND(OR(D906="INT",D906="DCL"),LEFT(B906,2)="ER"),1,"")) | R906: =IF(D906="benthos",1,"") | S906: =IF(D906="mysis",1,"") | T906: =IF(AND(OR(D906="d20",D906="d100"),LEFT(B906,2)="SU"),2,IF(OR(D906="D20",D906="d100"),1,"")) | U906: =IF(VLOOKUP(C906,'QA Table'!$Y$5:$Y$20,1,TRUE)=C906,1,0) -> 0 | V906: =IF(AND(D906="Sediment",RIGHT(C906,1)="8"),1,"") | W906: =IF(AND(D906="Sediment",RIGHT(C906,1)="9"),1,"") | X906: =IF(AND(H906=1,OR(LEFT(B906,1)="M",LEFT(B906,1)="E",LEFT(B906,1)="O",LEFT(B906,1)="C")),4,IF(AND(H906=1,OR(LEFT(B906,1)="H",LEFT(B906,1)="S")),3,"")) | Y906: =IF(U906=1,1,IF(AND(E906="LD1",U905=1),1,IF(AND(E906="FD1",U904=1),1,0))) -> 0 | AA906: =IF(X906<>"",1,"")
A907: NS | B907: ECSER932n | C907: 24GE04S0B | D907: 10M | E907: RFS | F907: ECSER932nA24 | G907: ER2411 | K907: =IF(D907="INT",1,"") | L907: =IF(AND(LEFT(B907,1)="E",A907<>"E",RIGHT(B907,1)="M"),IF(AND(A907="w",D907="MID",E907="RFS"),1,IF(AND(A907="C",D907="5M",E907="RFS"),1,"")),IF(AND(RIGHT(B907,1)="M",D907="10M",E907="RFS"),1,"")) | M907: =IF(L907=1,1,"") | N907: =IF(M907=1,1,"") | O907: =IF(N907=1,1,"") | P907: =IF(O907=1,1,"") | Q907: =IF(AND(OR(D907="INT",D907="DCL"),OR(LEFT(B907,2)="SU",LEFT(B907,2)="HU",LEFT(B907,2)="MI",LEFT(B907,2)="CS",LEFT(B907,2)="ON")),2,IF(AND(OR(D907="INT",D907="DCL"),LEFT(B907,2)="ER"),1,"")) | R907: =IF(D907="benthos",1,"") | S907: =IF(D907="mysis",1,"") | T907: =IF(AND(OR(D907="d20",D907="d100"),LEFT(B907,2)="SU"),2,IF(OR(D907="D20",D907="d100"),1,"")) | U907: =IF(VLOOKUP(C907,'QA Table'!$Y$5:$Y$20,1,TRUE)=C907,1,0) -> 0 | V907: =IF(AND(D907="Sediment",RIGHT(C907,1)="8"),1,"") | W907: =IF(AND(D907="Sediment",RIGHT(C907,1)="9"),1,"") | X907: =IF(AND(H907=1,OR(LEFT(B907,1)="M",LEFT(B907,1)="E",LEFT(B907,1)="O",LEFT(B907,1)="C")),4,IF(AND(H907=1,OR(LEFT(B907,1)="H",LEFT(B907,1)="S")),3,"")) | Y907: =IF(U907=1,1,IF(AND(E907="LD1",U906=1),1,IF(AND(E907="FD1",U905=1),1,0))) -> 0 | AA907: =IF(X907<>"",1,"")
A908: NS | B908: ECSER932n | C908: 24GE04S0C | D908: 20M | E908: RFS | F908: ECSER932nA24 | G908: ER2411 | K908: =IF(D908="INT",1,"") | L908: =IF(AND(LEFT(B908,1)="E",A908<>"E",RIGHT(B908,1)="M"),IF(AND(A908="w",D908="MID",E908="RFS"),1,IF(AND(A908="C",D908="5M",E908="RFS"),1,"")),IF(AND(RIGHT(B908,1)="M",D908="10M",E908="RFS"),1,"")) | M908: =IF(L908=1,1,"") | N908: =IF(M908=1,1,"") | O908: =IF(N908=1,1,"") | P908: =IF(O908=1,1,"") | Q908: =IF(AND(OR(D908="INT",D908="DCL"),OR(LEFT(B908,2)="SU",LEFT(B908,2)="HU",LEFT(B908,2)="MI",LEFT(B908,2)="CS",LEFT(B908,2)="ON")),2,IF(AND(OR(D908="INT",D908="DCL"),LEFT(B908,2)="ER"),1,"")) | R908: =IF(D908="benthos",1,"") | S908: =IF(D908="mysis",1,"") | T908: =IF(AND(OR(D908="d20",D908="d100"),LEFT(B908,2)="SU"),2,IF(OR(D908="D20",D908="d100"),1,"")) | U908: =IF(VLOOKUP(C908,'QA Table'!$Y$5:$Y$20,1,TRUE)=C908,1,0) -> 0 | V908: =IF(AND(D908="Sediment",RIGHT(C908,1)="8"),1,"") | W908: =IF(AND(D908="Sediment",RIGHT(C908,1)="9"),1,"") | X908: =IF(AND(H908=1,OR(LEFT(B908,1)="M",LEFT(B908,1)="E",LEFT(B908,1)="O",LEFT(B908,1)="C")),4,IF(AND(H908=1,OR(LEFT(B908,1)="H",LEFT(B908,1)="S")),3,"")) | Y908: =IF(U908=1,1,IF(AND(E908="LD1",U907=1),1,IF(AND(E908="FD1",U906=1),1,0))) -> 0 | AA908: =IF(X908<>"",1,"")
A909: NS | B909: ECSER932n | C909: 24GE04I12 | D909: INT | E909: RFS | F909: ECSER932nA24 | G909: ER2411 | H909: 1 | K909: =IF(D909="INT",1,"") -> 1 | L909: =IF(AND(LEFT(B909,1)="E",A909<>"E",RIGHT(B909,1)="M"),IF(AND(A909="w",D909="MID",E909="RFS"),1,IF(AND(A909="C",D909="5M",E909="RFS"),1,"")),IF(AND(RIGHT(B909,1)="M",D909="10M",E909="RFS"),1,"")) | M909: =IF(L909=1,1,"") | N909: =IF(M909=1,1,"") | O909: =IF(N909=1,1,"") | P909: =IF(O909=1,1,"") | Q909: 1 | R909: =IF(D909="benthos",1,"") | S909: =IF(D909="mysis",1,"") | T909: =IF(AND(OR(D909="d20",D909="d100"),LEFT(B909,2)="SU"),2,IF(OR(D909="D20",D909="d100"),1,"")) | U909: =IF(VLOOKUP(C909,'QA Table'!$Y$5:$Y$20,1,TRUE)=C909,1,0) -> 0 | V909: =IF(AND(D909="Sediment",RIGHT(C909,1)="8"),1,"") | W909: =IF(AND(D909="Sediment",RIGHT(C909,1)="9"),1,"") | X909: =IF(AND(H909=1,OR(LEFT(B909,1)="M",LEFT(B909,1)="E",LEFT(B909,1)="O",LEFT(B909,1)="C")),4,IF(AND(H909=1,OR(LEFT(B909,1)="H",LEFT(B909,1)="S")),3,"")) -> 4 | Y909: =IF(U909=1,1,IF(AND(E909="LD1",U908=1),1,IF(AND(E909="FD1",U907=1),1,0))) -> 0 | AA909: =IF(X909<>"",1,"") -> 1
A910: NS | B910: ECSER932n | C910: 24GE04I14 | D910: D20 | E910: RFS | F910: ECSER932nA24 | G910: ER2411 | K910: =IF(D910="INT",1,"") | L910: =IF(AND(LEFT(B910,1)="E",A910<>"E",RIGHT(B910,1)="M"),IF(AND(A910="w",D910="MID",E910="RFS"),1,IF(AND(A910="C",D910="5M",E910="RFS"),1,"")),IF(AND(RIGHT(B910,1)="M",D910="10M",E910="RFS"),1,"")) | M910: =IF(L910=1,1,"") | N910: =IF(M910=1,1,"") | O910: =IF(N910=1,1,"") | P910: =IF(O910=1,1,"") | R910: =IF(D910="benthos",1,"") | S910: =IF(D910="mysis",1,"") | T910: =IF(AND(OR(D910="d20",D910="d100"),LEFT(B910,2)="SU"),2,IF(OR(D910="D20",D910="d100"),1,"")) -> 1 | U910: =IF(VLOOKUP(C910,'QA Table'!$Y$5:$Y$20,1,TRUE)=C910,1,0) -> 0 | V910: =IF(AND(D910="Sediment",RIGHT(C910,1)="8"),1,"") | W910: =IF(AND(D910="Sediment",RIGHT(C910,1)="9"),1,"") | X910: =IF(AND(H910=1,OR(LEFT(B910,1)="M",LEFT(B910,1)="E",LEFT(B910,1)="O",LEFT(B910,1)="C")),4,IF(AND(H910=1,OR(LEFT(B910,1)="H",LEFT(B910,1)="S")),3,"")) | Y910: =IF(U910=1,1,IF(AND(E910="LD1",U909=1),1,IF(AND(E910="FD1",U908=1),1,0))) -> 0 | AA910: =IF(X910<>"",1,"")
A911: NS | B911: ECSER936n | C911: 24GE04S21 | D911: SRF | E911: RFS | F911: ECSER936nA24 | G911: ER2411 | J911: 1 | K911: =IF(D911="INT",1,"") | L911: =IF(AND(LEFT(B911,1)="E",A911<>"E",RIGHT(B911,1)="M"),IF(AND(A911="w",D911="MID",E911="RFS"),1,IF(AND(A911="C",D911="5M",E911="RFS"),1,"")),IF(AND(RIGHT(B911,1)="M",D911="10M",E911="RFS"),1,"")) | M911: =IF(L911=1,1,"") | N911: =IF(M911=1,1,"") | O911: =IF(N911=1,1,"") | P911: =IF(O911=1,1,"") | Q911: =IF(AND(OR(D911="INT",D911="DCL"),OR(LEFT(B911,2)="SU",LEFT(B911,2)="HU",LEFT(B911,2)="MI",LEFT(B911,2)="CS",LEFT(B911,2)="ON")),2,IF(AND(OR(D911="INT",D911="DCL"),LEFT(B911,2)="ER"),1,"")) | R911: =IF(D911="benthos",1,"") | S911: =IF(D911="mysis",1,"") | T911: =IF(AND(OR(D911="d20",D911="d100"),LEFT(B911,2)="SU"),2,IF(OR(D911="D20",D911="d100"),1,"")) | U911: =IF(VLOOKUP(C911,'QA Table'!$Y$5:$Y$20,1,TRUE)=C911,1,0) -> 0 | V911: =IF(AND(D911="Sediment",RIGHT(C911,1)="8"),1,"") | W911: =IF(AND(D911="Sediment",RIGHT(C911,1)="9"),1,"") | X911: =IF(AND(H911=1,OR(LEFT(B911,1)="M",LEFT(B911,1)="E",LEFT(B911,1)="O",LEFT(B911,1)="C")),4,IF(AND(H911=1,OR(LEFT(B911,1)="H",LEFT(B911,1)="S")),3,"")) | Y911: =IF(U911=1,1,IF(AND(E911="LD1",U910=1),1,IF(AND(E911="FD1",U909=1),1,0))) -> 0 | AA911: =IF(X911<>"",1,"")
A912: NS | B912: ECSER936n | C912: 24GE04S2A | D912: 5M | E912: RFS | F912: ECSER936nA24 | G912: ER2411 | K912: =IF(D912="INT",1,"") | L912: =IF(AND(LEFT(B912,1)="E",A912<>"E",RIGHT(B912,1)="M"),IF(AND(A912="w",D912="MID",E912="RFS"),1,IF(AND(A912="C",D912="5M",E912="RFS"),1,"")),IF(AND(RIGHT(B912,1)="M",D912="10M",E912="RFS"),1,"")) | M912: =IF(L912=1,1,"") | N912: =IF(M912=1,1,"") | O912: =IF(N912=1,1,"") | P912: =IF(O912=1,1,"") | Q912: =IF(AND(OR(D912="INT",D912="DCL"),OR(LEFT(B912,2)="SU",LEFT(B912,2)="HU",LEFT(B912,2)="MI",LEFT(B912,2)="CS",LEFT(B912,2)="ON")),2,IF(AND(OR(D912="INT",D912="DCL"),LEFT(B912,2)="ER"),1,"")) | R912: =IF(D912="benthos",1,"") | S912: =IF(D912="mysis",1,"") | T912: =IF(AND(OR(D912="d20",D912="d100"),LEFT(B912,2)="SU"),2,IF(OR(D912="D20",D912="d100"),1,"")) | U912: =IF(VLOOKUP(C912,'QA Table'!$Y$5:$Y$20,1,TRUE)=C912,1,0) -> 0 | V912: =IF(AND(D912="Sediment",RIGHT(C912,1)="8"),1,"") | W912: =IF(AND(D912="Sediment",RIGHT(C912,1)="9"),1,"") | X912: =IF(AND(H912=1,OR(LEFT(B912,1)="M",LEFT(B912,1)="E",LEFT(B912,1)="O",LEFT(B912,1)="C")),4,IF(AND(H912=1,OR(LEFT(B912,1)="H",LEFT(B912,1)="S")),3,"")) | Y912: =IF(U912=1,1,IF(AND(E912="LD1",U911=1),1,IF(AND(E912="FD1",U910=1),1,0))) -> 0 | AA912: =IF(X912<>"",1,"")
A913: NS | B913: ECSER936n | C913: 24GE04S2B | D913: 10M | E913: RFS | F913: ECSER936nA24 | G913: ER2411 | K913: =IF(D913="INT",1,"") | L913: =IF(AND(LEFT(B913,1)="E",A913<>"E",RIGHT(B913,1)="M"),IF(AND(A913="w",D913="MID",E913="RFS"),1,IF(AND(A913="C",D913="5M",E913="RFS"),1,"")),IF(AND(RIGHT(B913,1)="M",D913="10M",E913="RFS"),1,"")) | M913: =IF(L913=1,1,"") | N913: =IF(M913=1,1,"") | O913: =IF(N913=1,1,"") | P913: =IF(O913=1,1,"") | Q913: =IF(AND(OR(D913="INT",D913="DCL"),OR(LEFT(B913,2)="SU",LEFT(B913,2)="HU",LEFT(B913,2)="MI",LEFT(B913,2)="CS",LEFT(B913,2)="ON")),2,IF(AND(OR(D913="INT",D913="DCL"),LEFT(B913,2)="ER"),1,"")) | R913: =IF(D913="benthos",1,"") | S913: =IF(D913="mysis",1,"") | T913: =IF(AND(OR(D913="d20",D913="d100"),LEFT(B913,2)="SU"),2,IF(OR(D913="D20",D913="d100"),1,"")) | U913: =IF(VLOOKUP(C913,'QA Table'!$Y$5:$Y$20,1,TRUE)=C913,1,0) -> 0 | V913: =IF(AND(D913="Sediment",RIGHT(C913,1)="8"),1,"") | W913: =IF(AND(D913="Sediment",RIGHT(C913,1)="9"),1,"") | X913: =IF(AND(H913=1,OR(LEFT(B913,1)="M",LEFT(B913,1)="E",LEFT(B913,1)="O",LEFT(B913,1)="C")),4,IF(AND(H913=1,OR(LEFT(B913,1)="H",LEFT(B913,1)="S")),3,"")) | Y913: =IF(U913=1,1,IF(AND(E913="LD1",U912=1),1,IF(AND(E913="FD1",U911=1),1,0))) -> 0 | AA913: =IF(X913<>"",1,"")
A914: NS | B914: ECSER936n | C914: 24GE04S2C | D914: 20M | E914: RFS | F914: ECSER936nA24 | G914: ER2411 | K914: =IF(D914="INT",1,"") | L914: =IF(AND(LEFT(B914,1)="E",A914<>"E",RIGHT(B914,1)="M"),IF(AND(A914="w",D914="MID",E914="RFS"),1,IF(AND(A914="C",D914="5M",E914="RFS"),1,"")),IF(AND(RIGHT(B914,1)="M",D914="10M",E914="RFS"),1,"")) | M914: =IF(L914=1,1,"") | N914: =IF(M914=1,1,"") | O914: =IF(N914=1,1,"") | P914: =IF(O914=1,1,"") | Q914: =IF(AND(OR(D914="INT",D914="DCL"),OR(LEFT(B914,2)="SU",LEFT(B914,2)="HU",LEFT(B914,2)="MI",LEFT(B914,2)="CS",LEFT(B914,2)="ON")),2,IF(AND(OR(D914="INT",D914="DCL"),LEFT(B914,2)="ER"),1,"")) | R914: =IF(D914="benthos",1,"") | S914: =IF(D914="mysis",1,"") | T914: =IF(AND(OR(D914="d20",D914="d100"),LEFT(B914,2)="SU"),2,IF(OR(D914="D20",D914="d100"),1,"")) | U914: =IF(VLOOKUP(C914,'QA Table'!$Y$5:$Y$20,1,TRUE)=C914,1,0) -> 0 | V914: =IF(AND(D914="Sediment",RIGHT(C914,1)="8"),1,"") | W914: =IF(AND(D914="Sediment",RIGHT(C914,1)="9"),1,"") | X914: =IF(AND(H914=1,OR(LEFT(B914,1)="M",LEFT(B914,1)="E",LEFT(B914,1)="O",LEFT(B914,1)="C")),4,IF(AND(H914=1,OR(LEFT(B914,1)="H",LEFT(B914,1)="S")),3,"")) | Y914: =IF(U914=1,1,IF(AND(E914="LD1",U913=1),1,IF(AND(E914="FD1",U912=1),1,0))) -> 0 | AA914: =IF(X914<>"",1,"")
A915: NS | B915: ECSER936n | C915: 24GE04I32 | D915: INT | E915: RFS | F915: ECSER936nA24 | G915: ER2411 | H915: 1 | K915: =IF(D915="INT",1,"") -> 1 | L915: =IF(AND(LEFT(B915,1)="E",A915<>"E",RIGHT(B915,1)="M"),IF(AND(A915="w",D915="MID",E915="RFS"),1,IF(AND(A915="C",D915="5M",E915="RFS"),1,"")),IF(AND(RIGHT(B915,1)="M",D915="10M",E915="RFS"),1,"")) | M915: =IF(L915=1,1,"") | N915: =IF(M915=1,1,"") | O915: =IF(N915=1,1,"") | P915: =IF(O915=1,1,"") | Q915: 1 | R915: =IF(D915="benthos",1,"") | S915: =IF(D915="mysis",1,"") | T915: =IF(AND(OR(D915="d20",D915="d100"),LEFT(B915,2)="SU"),2,IF(OR(D915="D20",D915="d100"),1,"")) | U915: =IF(VLOOKUP(C915,'QA Table'!$Y$5:$Y$20,1,TRUE)=C915,1,0) -> 0 | V915: =IF(AND(D915="Sediment",RIGHT(C915,1)="8"),1,"") | W915: =IF(AND(D915="Sediment",RIGHT(C915,1)="9"),1,"") | X915: =IF(AND(H915=1,OR(LEFT(B915,1)="M",LEFT(B915,1)="E",LEFT(B915,1)="O",LEFT(B915,1)="C")),4,IF(AND(H915=1,OR(LEFT(B915,1)="H",LEFT(B915,1)="S")),3,"")) -> 4 | Y915: =IF(U915=1,1,IF(AND(E915="LD1",U914=1),1,IF(AND(E915="FD1",U913=1),1,0))) -> 0 | AA915: =IF(X915<>"",1,"") -> 1
A916: NS | B916: ECSER936n | C916: 24GE04I34 | D916: D20 | E916: RFS | F916: ECSER936nA24 | G916: ER2411 | K916: =IF(D916="INT",1,"") | L916: =IF(AND(LEFT(B916,1)="E",A916<>"E",RIGHT(B916,1)="M"),IF(AND(A916="w",D916="MID",E916="RFS"),1,IF(AND(A916="C",D916="5M",E916="RFS"),1,"")),IF(AND(RIGHT(B916,1)="M",D916="10M",E916="RFS"),1,"")) | M916: =IF(L916=1,1,"") | N916: =IF(M916=1,1,"") | O916: =IF(N916=1,1,"") | P916: =IF(O916=1,1,"") | R916: =IF(D916="benthos",1,"") | S916: =IF(D916="mysis",1,"") | T916: =IF(AND(OR(D916="d20",D916="d100"),LEFT(B916,2)="SU"),2,IF(OR(D916="D20",D916="d100"),1,"")) -> 1 | U916: =IF(VLOOKUP(C916,'QA Table'!$Y$5:$Y$20,1,TRUE)=C916,1,0) -> 0 | V916: =IF(AND(D916="Sediment",RIGHT(C916,1)="8"),1,"") | W916: =IF(AND(D916="Sediment",RIGHT(C916,1)="9"),1,"") | X916: =IF(AND(H916=1,OR(LEFT(B916,1)="M",LEFT(B916,1)="E",LEFT(B916,1)="O",LEFT(B916,1)="C")),4,IF(AND(H916=1,OR(LEFT(B916,1)="H",LEFT(B916,1)="S")),3,"")) | Y916: =IF(U916=1,1,IF(AND(E916="LD1",U915=1),1,IF(AND(E916="FD1",U914=1),1,0))) -> 0 | AA916: =IF(X916<>"",1,"")
A917: NS | B917: ECSER937n | C917: 24GE04S41 | D917: SRF | E917: RFS | F917: ECSER937nA24 | G917: ER2411 | J917: 1 | K917: =IF(D917="INT",1,"") | L917: =IF(AND(LEFT(B917,1)="E",A917<>"E",RIGHT(B917,1)="M"),IF(AND(A917="w",D917="MID",E917="RFS"),1,IF(AND(A917="C",D917="5M",E917="RFS"),1,"")),IF(AND(RIGHT(B917,1)="M",D917="10M",E917="RFS"),1,"")) | M917: =IF(L917=1,1,"") | N917: =IF(M917=1,1,"") | O917: =IF(N917=1,1,"") | P917: =IF(O917=1,1,"") | Q917: =IF(AND(OR(D917="INT",D917="DCL"),OR(LEFT(B917,2)="SU",LEFT(B917,2)="HU",LEFT(B917,2)="MI",LEFT(B917,2)="CS",LEFT(B917,2)="ON")),2,IF(AND(OR(D917="INT",D917="DCL"),LEFT(B917,2)="ER"),1,"")) | R917: =IF(D917="benthos",1,"") | S917: =IF(D917="mysis",1,"") | T917: =IF(AND(OR(D917="d20",D917="d100"),LEFT(B917,2)="SU"),2,IF(OR(D917="D20",D917="d100"),1,"")) | U917: =IF(VLOOKUP(C917,'QA Table'!$Y$5:$Y$20,1,TRUE)=C917,1,0) -> 0 | V917: =IF(AND(D917="Sediment",RIGHT(C917,1)="8"),1,"") | W917: =IF(AND(D917="Sediment",RIGHT(C917,1)="9"),1,"") | X917: =IF(AND(H917=1,OR(LEFT(B917,1)="M",LEFT(B917,1)="E",LEFT(B917,1)="O",LEFT(B917,1)="C")),4,IF(AND(H917=1,OR(LEFT(B917,1)="H",LEFT(B917,1)="S")),3,"")) | Y917: =IF(U917=1,1,IF(AND(E917="LD1",U916=1),1,IF(AND(E917="FD1",U915=1),1,0))) -> 0 | AA917: =IF(X917<>"",1,"")
A918: NS | B918: ECSER937n | C918: 24GE04S4A | D918: 5M | E918: RFS | F918: ECSER937nA24 | G918: ER2411 | K918: =IF(D918="INT",1,"") | L918: =IF(AND(LEFT(B918,1)="E",A918<>"E",RIGHT(B918,1)="M"),IF(AND(A918="w",D918="MID",E918="RFS"),1,IF(AND(A918="C",D918="5M",E918="RFS"),1,"")),IF(AND(RIGHT(B918,1)="M",D918="10M",E918="RFS"),1,"")) | M918: =IF(L918=1,1,"") | N918: =IF(M918=1,1,"") | O918: =IF(N918=1,1,"") | P918: =IF(O918=1,1,"") | Q918: =IF(AND(OR(D918="INT",D918="DCL"),OR(LEFT(B918,2)="SU",LEFT(B918,2)="HU",LEFT(B918,2)="MI",LEFT(B918,2)="CS",LEFT(B918,2)="ON")),2,IF(AND(OR(D918="INT",D918="DCL"),LEFT(B918,2)="ER"),1,"")) | R918: =IF(D918="benthos",1,"") | S918: =IF(D918="mysis",1,"") | T918: =IF(AND(OR(D918="d20",D918="d100"),LEFT(B918,2)="SU"),2,IF(OR(D918="D20",D918="d100"),1,"")) | U918: =IF(VLOOKUP(C918,'QA Table'!$Y$5:$Y$20,1,TRUE)=C918,1,0) -> 0 | V918: =IF(AND(D918="Sediment",RIGHT(C918,1)="8"),1,"") | W918: =IF(AND(D918="Sediment",RIGHT(C918,1)="9"),1,"") | X918: =IF(AND(H918=1,OR(LEFT(B918,1)="M",LEFT(B918,1)="E",LEFT(B918,1)="O",LEFT(B918,1)="C")),4,IF(AND(H918=1,OR(LEFT(B918,1)="H",LEFT(B918,1)="S")),3,"")) | Y918: =IF(U918=1,1,IF(AND(E918="LD1",U917=1),1,IF(AND(E918="FD1",U916=1),1,0))) -> 0 | AA918: =IF(X918<>"",1,"")
A919: NS | B919: ECSER937n | C919: 24GE04S4B | D919: 10M | E919: RFS | F919: ECSER937nA24 | G919: ER2411 | K919: =IF(D919="INT",1,"") | L919: =IF(AND(LEFT(B919,1)="E",A919<>"E",RIGHT(B919,1)="M"),IF(AND(A919="w",D919="MID",E919="RFS"),1,IF(AND(A919="C",D919="5M",E919="RFS"),1,"")),IF(AND(RIGHT(B919,1)="M",D919="10M",E919="RFS"),1,"")) | M919: =IF(L919=1,1,"") | N919: =IF(M919=1,1,"") | O919: =IF(N919=1,1,"") | P919: =IF(O919=1,1,"") | Q919: =IF(AND(OR(D919="INT",D919="DCL"),OR(LEFT(B919,2)="SU",LEFT(B919,2)="HU",LEFT(B919,2)="MI",LEFT(B919,2)="CS",LEFT(B919,2)="ON")),2,IF(AND(OR(D919="INT",D919="DCL"),LEFT(B919,2)="ER"),1,"")) | R919: =IF(D919="benthos",1,"") | S919: =IF(D919="mysis",1,"") | T919: =IF(AND(OR(D919="d20",D919="d100"),LEFT(B919,2)="SU"),2,IF(OR(D919="D20",D919="d100"),1,"")) | U919: =IF(VLOOKUP(C919,'QA Table'!$Y$5:$Y$20,1,TRUE)=C919,1,0) -> 0 | V919: =IF(AND(D919="Sediment",RIGHT(C919,1)="8"),1,"") | W919: =IF(AND(D919="Sediment",RIGHT(C919,1)="9"),1,"") | X919: =IF(AND(H919=1,OR(LEFT(B919,1)="M",LEFT(B919,1)="E",LEFT(B919,1)="O",LEFT(B919,1)="C")),4,IF(AND(H919=1,OR(LEFT(B919,1)="H",LEFT(B919,1)="S")),3,"")) | Y919: =IF(U919=1,1,IF(AND(E919="LD1",U918=1),1,IF(AND(E919="FD1",U917=1),1,0))) -> 0 | AA919: =IF(X919<>"",1,"")
A920: NS | B920: ECSER937n | C920: 24GE04S4C | D920: 20M | E920: RFS | F920: ECSER937nA24 | G920: ER2411 | K920: =IF(D920="INT",1,"") | L920: =IF(AND(LEFT(B920,1)="E",A920<>"E",RIGHT(B920,1)="M"),IF(AND(A920="w",D920="MID",E920="RFS"),1,IF(AND(A920="C",D920="5M",E920="RFS"),1,"")),IF(AND(RIGHT(B920,1)="M",D920="10M",E920="RFS"),1,"")) | M920: =IF(L920=1,1,"") | N920: =IF(M920=1,1,"") | O920: =IF(N920=1,1,"") | P920: =IF(O920=1,1,"") | Q920: =IF(AND(OR(D920="INT",D920="DCL"),OR(LEFT(B920,2)="SU",LEFT(B920,2)="HU",LEFT(B920,2)="MI",LEFT(B920,2)="CS",LEFT(B920,2)="ON")),2,IF(AND(OR(D920="INT",D920="DCL"),LEFT(B920,2)="ER"),1,"")) | R920: =IF(D920="benthos",1,"") | S920: =IF(D920="mysis",1,"") | T920: =IF(AND(OR(D920="d20",D920="d100"),LEFT(B920,2)="SU"),2,IF(OR(D920="D20",D920="d100"),1,"")) | U920: =IF(VLOOKUP(C920,'QA Table'!$Y$5:$Y$20,1,TRUE)=C920,1,0) -> 0 | V920: =IF(AND(D920="Sediment",RIGHT(C920,1)="8"),1,"") | W920: =IF(AND(D920="Sediment",RIGHT(C920,1)="9"),1,"") | X920: =IF(AND(H920=1,OR(LEFT(B920,1)="M",LEFT(B920,1)="E",LEFT(B920,1)="O",LEFT(B920,1)="C")),4,IF(AND(H920=1,OR(LEFT(B920,1)="H",LEFT(B920,1)="S")),3,"")) | Y920: =IF(U920=1,1,IF(AND(E920="LD1",U919=1),1,IF(AND(E920="FD1",U918=1),1,0))) -> 0 | AA920: =IF(X920<>"",1,"")
A921: NS | B921: ECSER937n | C921: 24GE04I52 | D921: INT | E921: RFS | F921: ECSER937nA24 | G921: ER2411 | H921: 1 | K921: =IF(D921="INT",1,"") -> 1 | L921: =IF(AND(LEFT(B921,1)="E",A921<>"E",RIGHT(B921,1)="M"),IF(AND(A921="w",D921="MID",E921="RFS"),1,IF(AND(A921="C",D921="5M",E921="RFS"),1,"")),IF(AND(RIGHT(B921,1)="M",D921="10M",E921="RFS"),1,"")) | M921: =IF(L921=1,1,"") | N921: =IF(M921=1,1,"") | O921: =IF(N921=1,1,"") | P921: =IF(O921=1,1,"") | Q921: 1 | R921: =IF(D921="benthos",1,"") | S921: =IF(D921="mysis",1,"") | T921: =IF(AND(OR(D921="d20",D921="d100"),LEFT(B921,2)="SU"),2,IF(OR(D921="D20",D921="d100"),1,"")) | U921: =IF(VLOOKUP(C921,'QA Table'!$Y$5:$Y$20,1,TRUE)=C921,1,0) -> 0 | V921: =IF(AND(D921="Sediment",RIGHT(C921,1)="8"),1,"") | W921: =IF(AND(D921="Sediment",RIGHT(C921,1)="9"),1,"") | X921: =IF(AND(H921=1,OR(LEFT(B921,1)="M",LEFT(B921,1)="E",LEFT(B921,1)="O",LEFT(B921,1)="C")),4,IF(AND(H921=1,OR(LEFT(B921,1)="H",LEFT(B921,1)="S")),3,"")) -> 4 | Y921: =IF(U921=1,1,IF(AND(E921="LD1",U920=1),1,IF(AND(E921="FD1",U919=1),1,0))) -> 0 | AA921: =IF(X921<>"",1,"") -> 1
A922: NS | B922: ECSER937n | C922: 24GE04I54 | D922: D20 | E922: RFS | F922: ECSER937nA24 | G922: ER2411 | K922: =IF(D922="INT",1,"") | L922: =IF(AND(LEFT(B922,1)="E",A922<>"E",RIGHT(B922,1)="M"),IF(AND(A922="w",D922="MID",E922="RFS"),1,IF(AND(A922="C",D922="5M",E922="RFS"),1,"")),IF(AND(RIGHT(B922,1)="M",D922="10M",E922="RFS"),1,"")) | M922: =IF(L922=1,1,"") | N922: =IF(M922=1,1,"") | O922: =IF(N922=1,1,"") | P922: =IF(O922=1,1,"") | R922: =IF(D922="benthos",1,"") | S922: =IF(D922="mysis",1,"") | T922: =IF(AND(OR(D922="d20",D922="d100"),LEFT(B922,2)="SU"),2,IF(OR(D922="D20",D922="d100"),1,"")) -> 1 | U922: =IF(VLOOKUP(C922,'QA Table'!$Y$5:$Y$20,1,TRUE)=C922,1,0) -> 0 | V922: =IF(AND(D922="Sediment",RIGHT(C922,1)="8"),1,"") | W922: =IF(AND(D922="Sediment",RIGHT(C922,1)="9"),1,"") | X922: =IF(AND(H922=1,OR(LEFT(B922,1)="M",LEFT(B922,1)="E",LEFT(B922,1)="O",LEFT(B922,1)="C")),4,IF(AND(H922=1,OR(LEFT(B922,1)="H",LEFT(B922,1)="S")),3,"")) | Y922: =IF(U922=1,1,IF(AND(E922="LD1",U921=1),1,IF(AND(E922="FD1",U920=1),1,0))) -> 0 | AA922: =IF(X922<>"",1,"")
A923: NS | B923: ECSER951n | C923: 24GE04S61 | D923: SRF | E923: RFS | F923: ECSER951nA24 | G923: ER2411 | J923: 1 | K923: =IF(D923="INT",1,"") | L923: =IF(AND(LEFT(B923,1)="E",A923<>"E",RIGHT(B923,1)="M"),IF(AND(A923="w",D923="MID",E923="RFS"),1,IF(AND(A923="C",D923="5M",E923="RFS"),1,"")),IF(AND(RIGHT(B923,1)="M",D923="10M",E923="RFS"),1,"")) | M923: =IF(L923=1,1,"") | N923: =IF(M923=1,1,"") | O923: =IF(N923=1,1,"") | P923: =IF(O923=1,1,"") | Q923: =IF(AND(OR(D923="INT",D923="DCL"),OR(LEFT(B923,2)="SU",LEFT(B923,2)="HU",LEFT(B923,2)="MI",LEFT(B923,2)="CS",LEFT(B923,2)="ON")),2,IF(AND(OR(D923="INT",D923="DCL"),LEFT(B923,2)="ER"),1,"")) | R923: =IF(D923="benthos",1,"") | S923: =IF(D923="mysis",1,"") | T923: =IF(AND(OR(D923="d20",D923="d100"),LEFT(B923,2)="SU"),2,IF(OR(D923="D20",D923="d100"),1,"")) | U923: =IF(VLOOKUP(C923,'QA Table'!$Y$5:$Y$20,1,TRUE)=C923,1,0) -> 0 | V923: =IF(AND(D923="Sediment",RIGHT(C923,1)="8"),1,"") | W923: =IF(AND(D923="Sediment",RIGHT(C923,1)="9"),1,"") | X923: =IF(AND(H923=1,OR(LEFT(B923,1)="M",LEFT(B923,1)="E",LEFT(B923,1)="O",LEFT(B923,1)="C")),4,IF(AND(H923=1,OR(LEFT(B923,1)="H",LEFT(B923,1)="S")),3,"")) | Y923: =IF(U923=1,1,IF(AND(E923="LD1",U922=1),1,IF(AND(E923="FD1",U921=1),1,0))) -> 0 | AA923: =IF(X923<>"",1,"")
A924: NS | B924: ECSER951n | C924: 24GE04S6A | D924: 5M | E924: RFS | F924: ECSER951nA24 | G924: ER2411 | K924: =IF(D924="INT",1,"") | L924: =IF(AND(LEFT(B924,1)="E",A924<>"E",RIGHT(B924,1)="M"),IF(AND(A924="w",D924="MID",E924="RFS"),1,IF(AND(A924="C",D924="5M",E924="RFS"),1,"")),IF(AND(RIGHT(B924,1)="M",D924="10M",E924="RFS"),1,"")) | M924: =IF(L924=1,1,"") | N924: =IF(M924=1,1,"") | O924: =IF(N924=1,1,"") | P924: =IF(O924=1,1,"") | Q924: =IF(AND(OR(D924="INT",D924="DCL"),OR(LEFT(B924,2)="SU",LEFT(B924,2)="HU",LEFT(B924,2)="MI",LEFT(B924,2)="CS",LEFT(B924,2)="ON")),2,IF(AND(OR(D924="INT",D924="DCL"),LEFT(B924,2)="ER"),1,"")) | R924: =IF(D924="benthos",1,"") | S924: =IF(D924="mysis",1,"") | T924: =IF(AND(OR(D924="d20",D924="d100"),LEFT(B924,2)="SU"),2,IF(OR(D924="D20",D924="d100"),1,"")) | U924: =IF(VLOOKUP(C924,'QA Table'!$Y$5:$Y$20,1,TRUE)=C924,1,0) -> 0 | V924: =IF(AND(D924="Sediment",RIGHT(C924,1)="8"),1,"") | W924: =IF(AND(D924="Sediment",RIGHT(C924,1)="9"),1,"") | X924: =IF(AND(H924=1,OR(LEFT(B924,1)="M",LEFT(B924,1)="E",LEFT(B924,1)="O",LEFT(B924,1)="C")),4,IF(AND(H924=1,OR(LEFT(B924,1)="H",LEFT(B924,1)="S")),3,"")) | Y924: =IF(U924=1,1,IF(AND(E924="LD1",U923=1),1,IF(AND(E924="FD1",U922=1),1,0))) -> 0 | AA924: =IF(X924<>"",1,"")
A925: NS | B925: ECSER951n | C925: 24GE04S6B | D925: 10M | E925: RFS | F925: ECSER951nA24 | G925: ER2411 | K925: =IF(D925="INT",1,"") | L925: =IF(AND(LEFT(B925,1)="E",A925<>"E",RIGHT(B925,1)="M"),IF(AND(A925="w",D925="MID",E925="RFS"),1,IF(AND(A925="C",D925="5M",E925="RFS"),1,"")),IF(AND(RIGHT(B925,1)="M",D925="10M",E925="RFS"),1,"")) | M925: =IF(L925=1,1,"") | N925: =IF(M925=1,1,"") | O925: =IF(N925=1,1,"") | P925: =IF(O925=1,1,"") | Q925: =IF(AND(OR(D925="INT",D925="DCL"),OR(LEFT(B925,2)="SU",LEFT(B925,2)="HU",LEFT(B925,2)="MI",LEFT(B925,2)="CS",LEFT(B925,2)="ON")),2,IF(AND(OR(D925="INT",D925="DCL"),LEFT(B925,2)="ER"),1,"")) | R925: =IF(D925="benthos",1,"") | S925: =IF(D925="mysis",1,"") | T925: =IF(AND(OR(D925="d20",D925="d100"),LEFT(B925,2)="SU"),2,IF(OR(D925="D20",D925="d100"),1,"")) | U925: =IF(VLOOKUP(C925,'QA Table'!$Y$5:$Y$20,1,TRUE)=C925,1,0) -> 0 | V925: =IF(AND(D925="Sediment",RIGHT(C925,1)="8"),1,"") | W925: =IF(AND(D925="Sediment",RIGHT(C925,1)="9"),1,"") | X925: =IF(AND(H925=1,OR(LEFT(B925,1)="M",LEFT(B925,1)="E",LEFT(B925,1)="O",LEFT(B925,1)="C")),4,IF(AND(H925=1,OR(LEFT(B925,1)="H",LEFT(B925,1)="S")),3,"")) | Y925: =IF(U925=1,1,IF(AND(E925="LD1",U924=1),1,IF(AND(E925="FD1",U923=1),1,0))) -> 0 | AA925: =IF(X925<>"",1,"")
A926: NS | B926: ECSER951n | C926: 24GE04S6C | D926: 20M | E926: RFS | F926: ECSER951nA24 | G926: ER2411 | K926: =IF(D926="INT",1,"") | L926: =IF(AND(LEFT(B926,1)="E",A926<>"E",RIGHT(B926,1)="M"),IF(AND(A926="w",D926="MID",E926="RFS"),1,IF(AND(A926="C",D926="5M",E926="RFS"),1,"")),IF(AND(RIGHT(B926,1)="M",D926="10M",E926="RFS"),1,"")) | M926: =IF(L926=1,1,"") | N926: =IF(M926=1,1,"") | O926: =IF(N926=1,1,"") | P926: =IF(O926=1,1,"") | Q926: =IF(AND(OR(D926="INT",D926="DCL"),OR(LEFT(B926,2)="SU",LEFT(B926,2)="HU",LEFT(B926,2)="MI",LEFT(B926,2)="CS",LEFT(B926,2)="ON")),2,IF(AND(OR(D926="INT",D926="DCL"),LEFT(B926,2)="ER"),1,"")) | R926: =IF(D926="benthos",1,"") | S926: =IF(D926="mysis",1,"") | T926: =IF(AND(OR(D926="d20",D926="d100"),LEFT(B926,2)="SU"),2,IF(OR(D926="D20",D926="d100"),1,"")) | U926: =IF(VLOOKUP(C926,'QA Table'!$Y$5:$Y$20,1,TRUE)=C926,1,0) -> 0 | V926: =IF(AND(D926="Sediment",RIGHT(C926,1)="8"),1,"") | W926: =IF(AND(D926="Sediment",RIGHT(C926,1)="9"),1,"") | X926: =IF(AND(H926=1,OR(LEFT(B926,1)="M",LEFT(B926,1)="E",LEFT(B926,1)="O",LEFT(B926,1)="C")),4,IF(AND(H926=1,OR(LEFT(B926,1)="H",LEFT(B926,1)="S")),3,"")) | Y926: =IF(U926=1,1,IF(AND(E926="LD1",U925=1),1,IF(AND(E926="FD1",U924=1),1,0))) -> 0 | AA926: =IF(X926<>"",1,"")
A927: NS | B927: ECSER951n | C927: 24GE04I72 | D927: INT | E927: RFS | F927: ECSER951nA24 | G927: ER2411 | H927: 1 | K927: =IF(D927="INT",1,"") -> 1 | L927: =IF(AND(LEFT(B927,1)="E",A927<>"E",RIGHT(B927,1)="M"),IF(AND(A927="w",D927="MID",E927="RFS"),1,IF(AND(A927="C",D927="5M",E927="RFS"),1,"")),IF(AND(RIGHT(B927,1)="M",D927="10M",E927="RFS"),1,"")) | M927: =IF(L927=1,1,"") | N927: =IF(M927=1,1,"") | O927: =IF(N927=1,1,"") | P927: =IF(O927=1,1,"") | Q927: 1 | R927: =IF(D927="benthos",1,"") | S927: =IF(D927="mysis",1,"") | T927: =IF(AND(OR(D927="d20",D927="d100"),LEFT(B927,2)="SU"),2,IF(OR(D927="D20",D927="d100"),1,"")) | U927: =IF(VLOOKUP(C927,'QA Table'!$Y$5:$Y$20,1,TRUE)=C927,1,0) -> 0 | V927: =IF(AND(D927="Sediment",RIGHT(C927,1)="8"),1,"") | W927: =IF(AND(D927="Sediment",RIGHT(C927,1)="9"),1,"") | X927: =IF(AND(H927=1,OR(LEFT(B927,1)="M",LEFT(B927,1)="E",LEFT(B927,1)="O",LEFT(B927,1)="C")),4,IF(AND(H927=1,OR(LEFT(B927,1)="H",LEFT(B927,1)="S")),3,"")) -> 4 | Y927: =IF(U927=1,1,IF(AND(E927="LD1",U926=1),1,IF(AND(E927="FD1",U925=1),1,0))) -> 0 | AA927: =IF(X927<>"",1,"") -> 1
A928: NS | B928: ECSER951n | C928: 24GE04I74 | D928: D20 | E928: RFS | F928: ECSER951nA24 | G928: ER2411 | K928: =IF(D928="INT",1,"") | L928: =IF(AND(LEFT(B928,1)="E",A928<>"E",RIGHT(B928,1)="M"),IF(AND(A928="w",D928="MID",E928="RFS"),1,IF(AND(A928="C",D928="5M",E928="RFS"),1,"")),IF(AND(RIGHT(B928,1)="M",D928="10M",E928="RFS"),1,"")) | M928: =IF(L928=1,1,"") | N928: =IF(M928=1,1,"") | O928: =IF(N928=1,1,"") | P928: =IF(O928=1,1,"") | R928: =IF(D928="benthos",1,"") | S928: =IF(D928="mysis",1,"") | T928: =IF(AND(OR(D928="d20",D928="d100"),LEFT(B928,2)="SU"),2,IF(OR(D928="D20",D928="d100"),1,"")) -> 1 | U928: =IF(VLOOKUP(C928,'QA Table'!$Y$5:$Y$20,1,TRUE)=C928,1,0) -> 0 | V928: =IF(AND(D928="Sediment",RIGHT(C928,1)="8"),1,"") | W928: =IF(AND(D928="Sediment",RIGHT(C928,1)="9"),1,"") | X928: =IF(AND(H928=1,OR(LEFT(B928,1)="M",LEFT(B928,1)="E",LEFT(B928,1)="O",LEFT(B928,1)="C")),4,IF(AND(H928=1,OR(LEFT(B928,1)="H",LEFT(B928,1)="S")),3,"")) | Y928: =IF(U928=1,1,IF(AND(E928="LD1",U927=1),1,IF(AND(E928="FD1",U926=1),1,0))) -> 0 | AA928: =IF(X928<>"",1,"")
A929: NS | B929: ECSER958n | C929: 24GE04S81 | D929: SRF | E929: RFS | F929: ECSER958nA24 | G929: ER2411 | J929: 1 | K929: =IF(D929="INT",1,"") | L929: =IF(AND(LEFT(B929,1)="E",A929<>"E",RIGHT(B929,1)="M"),IF(AND(A929="w",D929="MID",E929="RFS"),1,IF(AND(A929="C",D929="5M",E929="RFS"),1,"")),IF(AND(RIGHT(B929,1)="M",D929="10M",E929="RFS"),1,"")) | M929: =IF(L929=1,1,"") | N929: =IF(M929=1,1,"") | O929: =IF(N929=1,1,"") | P929: =IF(O929=1,1,"") | Q929: =IF(AND(OR(D929="INT",D929="DCL"),OR(LEFT(B929,2)="SU",LEFT(B929,2)="HU",LEFT(B929,2)="MI",LEFT(B929,2)="CS",LEFT(B929,2)="ON")),2,IF(AND(OR(D929="INT",D929="DCL"),LEFT(B929,2)="ER"),1,"")) | R929: =IF(D929="benthos",1,"") | S929: =IF(D929="mysis",1,"") | T929: =IF(AND(OR(D929="d20",D929="d100"),LEFT(B929,2)="SU"),2,IF(OR(D929="D20",D929="d100"),1,"")) | U929: =IF(VLOOKUP(C929,'QA Table'!$Y$5:$Y$20,1,TRUE)=C929,1,0) -> 0 | V929: =IF(AND(D929="Sediment",RIGHT(C929,1)="8"),1,"") | W929: =IF(AND(D929="Sediment",RIGHT(C929,1)="9"),1,"") | X929: =IF(AND(H929=1,OR(LEFT(B929,1)="M",LEFT(B929,1)="E",LEFT(B929,1)="O",LEFT(B929,1)="C")),4,IF(AND(H929=1,OR(LEFT(B929,1)="H",LEFT(B929,1)="S")),3,"")) | Y929: =IF(U929=1,1,IF(AND(E929="LD1",U928=1),1,IF(AND(E929="FD1",U927=1),1,0))) -> 0 | AA929: =IF(X929<>"",1,"")
A930: NS | B930: ECSER958n | C930: 24GE04S8A | D930: 5M | E930: RFS | F930: ECSER958nA24 | G930: ER2411 | K930: =IF(D930="INT",1,"") | L930: =IF(AND(LEFT(B930,1)="E",A930<>"E",RIGHT(B930,1)="M"),IF(AND(A930="w",D930="MID",E930="RFS"),1,IF(AND(A930="C",D930="5M",E930="RFS"),1,"")),IF(AND(RIGHT(B930,1)="M",D930="10M",E930="RFS"),1,"")) | M930: =IF(L930=1,1,"") | N930: =IF(M930=1,1,"") | O930: =IF(N930=1,1,"") | P930: =IF(O930=1,1,"") | Q930: =IF(AND(OR(D930="INT",D930="DCL"),OR(LEFT(B930,2)="SU",LEFT(B930,2)="HU",LEFT(B930,2)="MI",LEFT(B930,2)="CS",LEFT(B930,2)="ON")),2,IF(AND(OR(D930="INT",D930="DCL"),LEFT(B930,2)="ER"),1,"")) | R930: =IF(D930="benthos",1,"") | S930: =IF(D930="mysis",1,"") | T930: =IF(AND(OR(D930="d20",D930="d100"),LEFT(B930,2)="SU"),2,IF(OR(D930="D20",D930="d100"),1,"")) | U930: =IF(VLOOKUP(C930,'QA Table'!$Y$5:$Y$20,1,TRUE)=C930,1,0) -> 0 | V930: =IF(AND(D930="Sediment",RIGHT(C930,1)="8"),1,"") | W930: =IF(AND(D930="Sediment",RIGHT(C930,1)="9"),1,"") | X930: =IF(AND(H930=1,OR(LEFT(B930,1)="M",LEFT(B930,1)="E",LEFT(B930,1)="O",LEFT(B930,1)="C")),4,IF(AND(H930=1,OR(LEFT(B930,1)="H",LEFT(B930,1)="S")),3,"")) | Y930: =IF(U930=1,1,IF(AND(E930="LD1",U929=1),1,IF(AND(E930="FD1",U928=1),1,0))) -> 0 | AA930: =IF(X930<>"",1,"")
A931: NS | B931: ECSER958n | C931: 24GE04S8B | D931: 10M | E931: RFS | F931: ECSER958nA24 | G931: ER2411 | K931: =IF(D931="INT",1,"") | L931: =IF(AND(LEFT(B931,1)="E",A931<>"E",RIGHT(B931,1)="M"),IF(AND(A931="w",D931="MID",E931="RFS"),1,IF(AND(A931="C",D931="5M",E931="RFS"),1,"")),IF(AND(RIGHT(B931,1)="M",D931="10M",E931="RFS"),1,"")) | M931: =IF(L931=1,1,"") | N931: =IF(M931=1,1,"") | O931: =IF(N931=1,1,"") | P931: =IF(O931=1,1,"") | Q931: =IF(AND(OR(D931="INT",D931="DCL"),OR(LEFT(B931,2)="SU",LEFT(B931,2)="HU",LEFT(B931,2)="MI",LEFT(B931,2)="CS",LEFT(B931,2)="ON")),2,IF(AND(OR(D931="INT",D931="DCL"),LEFT(B931,2)="ER"),1,"")) | R931: =IF(D931="benthos",1,"") | S931: =IF(D931="mysis",1,"") | T931: =IF(AND(OR(D931="d20",D931="d100"),LEFT(B931,2)="SU"),2,IF(OR(D931="D20",D931="d100"),1,"")) | U931: =IF(VLOOKUP(C931,'QA Table'!$Y$5:$Y$20,1,TRUE)=C931,1,0) -> 0 | V931: =IF(AND(D931="Sediment",RIGHT(C931,1)="8"),1,"") | W931: =IF(AND(D931="Sediment",RIGHT(C931,1)="9"),1,"") | X931: =IF(AND(H931=1,OR(LEFT(B931,1)="M",LEFT(B931,1)="E",LEFT(B931,1)="O",LEFT(B931,1)="C")),4,IF(AND(H931=1,OR(LEFT(B931,1)="H",LEFT(B931,1)="S")),3,"")) | Y931: =IF(U931=1,1,IF(AND(E931="LD1",U930=1),1,IF(AND(E931="FD1",U929=1),1,0))) -> 0 | AA931: =IF(X931<>"",1,"")
A932: NS | B932: ECSER958n | C932: 24GE04S8C | D932: 20M | E932: RFS | F932: ECSER958nA24 | G932: ER2411 | K932: =IF(D932="INT",1,"") | L932: =IF(AND(LEFT(B932,1)="E",A932<>"E",RIGHT(B932,1)="M"),IF(AND(A932="w",D932="MID",E932="RFS"),1,IF(AND(A932="C",D932="5M",E932="RFS"),1,"")),IF(AND(RIGHT(B932,1)="M",D932="10M",E932="RFS"),1,"")) | M932: =IF(L932=1,1,"") | N932: =IF(M932=1,1,"") | O932: =IF(N932=1,1,"") | P932: =IF(O932=1,1,"") | Q932: =IF(AND(OR(D932="INT",D932="DCL"),OR(LEFT(B932,2)="SU",LEFT(B932,2)="HU",LEFT(B932,2)="MI",LEFT(B932,2)="CS",LEFT(B932,2)="ON")),2,IF(AND(OR(D932="INT",D932="DCL"),LEFT(B932,2)="ER"),1,"")) | R932: =IF(D932="benthos",1,"") | S932: =IF(D932="mysis",1,"") | T932: =IF(AND(OR(D932="d20",D932="d100"),LEFT(B932,2)="SU"),2,IF(OR(D932="D20",D932="d100"),1,"")) | U932: =IF(VLOOKUP(C932,'QA Table'!$Y$5:$Y$20,1,TRUE)=C932,1,0) -> 0 | V932: =IF(AND(D932="Sediment",RIGHT(C932,1)="8"),1,"") | W932: =IF(AND(D932="Sediment",RIGHT(C932,1)="9"),1,"") | X932: =IF(AND(H932=1,OR(LEFT(B932,1)="M",LEFT(B932,1)="E",LEFT(B932,1)="O",LEFT(B932,1)="C")),4,IF(AND(H932=1,OR(LEFT(B932,1)="H",LEFT(B932,1)="S")),3,"")) | Y932: =IF(U932=1,1,IF(AND(E932="LD1",U931=1),1,IF(AND(E932="FD1",U930=1),1,0))) -> 0 | AA932: =IF(X932<>"",1,"")
A933: NS | B933: ECSER958n | C933: 24GE04I92 | D933: INT | E933: RFS | F933: ECSER958nA24 | G933: ER2411 | H933: 1 | K933: =IF(D933="INT",1,"") -> 1 | L933: =IF(AND(LEFT(B933,1)="E",A933<>"E",RIGHT(B933,1)="M"),IF(AND(A933="w",D933="MID",E933="RFS"),1,IF(AND(A933="C",D933="5M",E933="RFS"),1,"")),IF(AND(RIGHT(B933,1)="M",D933="10M",E933="RFS"),1,"")) | M933: =IF(L933=1,1,"") | N933: =IF(M933=1,1,"") | O933: =IF(N933=1,1,"") | P933: =IF(O933=1,1,"") | Q933: 1 | R933: =IF(D933="benthos",1,"") | S933: =IF(D933="mysis",1,"") | T933: =IF(AND(OR(D933="d20",D933="d100"),LEFT(B933,2)="SU"),2,IF(OR(D933="D20",D933="d100"),1,"")) | U933: =IF(VLOOKUP(C933,'QA Table'!$Y$5:$Y$20,1,TRUE)=C933,1,0) -> 0 | V933: =IF(AND(D933="Sediment",RIGHT(C933,1)="8"),1,"") | W933: =IF(AND(D933="Sediment",RIGHT(C933,1)="9"),1,"") | X933: =IF(AND(H933=1,OR(LEFT(B933,1)="M",LEFT(B933,1)="E",LEFT(B933,1)="O",LEFT(B933,1)="C")),4,IF(AND(H933=1,OR(LEFT(B933,1)="H",LEFT(B933,1)="S")),3,"")) -> 4 | Y933: =IF(U933=1,1,IF(AND(E933="LD1",U932=1),1,IF(AND(E933="FD1",U931=1),1,0))) -> 0 | AA933: =IF(X933<>"",1,"") -> 1
A934: NS | B934: ECSER958n | C934: 24GE04I94 | D934: D20 | E934: RFS | F934: ECSER958nA24 | G934: ER2411 | K934: =IF(D934="INT",1,"") | L934: =IF(AND(LEFT(B934,1)="E",A934<>"E",RIGHT(B934,1)="M"),IF(AND(A934="w",D934="MID",E934="RFS"),1,IF(AND(A934="C",D934="5M",E934="RFS"),1,"")),IF(AND(RIGHT(B934,1)="M",D934="10M",E934="RFS"),1,"")) | M934: =IF(L934=1,1,"") | N934: =IF(M934=1,1,"") | O934: =IF(N934=1,1,"") | P934: =IF(O934=1,1,"") | R934: =IF(D934="benthos",1,"") | S934: =IF(D934="mysis",1,"") | T934: =IF(AND(OR(D934="d20",D934="d100"),LEFT(B934,2)="SU"),2,IF(OR(D934="D20",D934="d100"),1,"")) -> 1 | U934: =IF(VLOOKUP(C934,'QA Table'!$Y$5:$Y$20,1,TRUE)=C934,1,0) -> 0 | V934: =IF(AND(D934="Sediment",RIGHT(C934,1)="8"),1,"") | W934: =IF(AND(D934="Sediment",RIGHT(C934,1)="9"),1,"") | X934: =IF(AND(H934=1,OR(LEFT(B934,1)="M",LEFT(B934,1)="E",LEFT(B934,1)="O",LEFT(B934,1)="C")),4,IF(AND(H934=1,OR(LEFT(B934,1)="H",LEFT(B934,1)="S")),3,"")) | Y934: =IF(U934=1,1,IF(AND(E934="LD1",U933=1),1,IF(AND(E934="FD1",U932=1),1,0))) -> 0 | AA934: =IF(X934<>"",1,"")
A935: NS | B935: ECSER959n | C935: 24GE05S01 | D935: SRF | E935: RFS | F935: ECSER959nA24 | G935: ER2411 | J935: 1 | K935: =IF(D935="INT",1,"") | L935: =IF(AND(LEFT(B935,1)="E",A935<>"E",RIGHT(B935,1)="M"),IF(AND(A935="w",D935="MID",E935="RFS"),1,IF(AND(A935="C",D935="5M",E935="RFS"),1,"")),IF(AND(RIGHT(B935,1)="M",D935="10M",E935="RFS"),1,"")) | M935: =IF(L935=1,1,"") | N935: =IF(M935=1,1,"") | O935: =IF(N935=1,1,"") | P935: =IF(O935=1,1,"") | Q935: =IF(AND(OR(D935="INT",D935="DCL"),OR(LEFT(B935,2)="SU",LEFT(B935,2)="HU",LEFT(B935,2)="MI",LEFT(B935,2)="CS",LEFT(B935,2)="ON")),2,IF(AND(OR(D935="INT",D935="DCL"),LEFT(B935,2)="ER"),1,"")) | R935: =IF(D935="benthos",1,"") | S935: =IF(D935="mysis",1,"") | T935: =IF(AND(OR(D935="d20",D935="d100"),LEFT(B935,2)="SU"),2,IF(OR(D935="D20",D935="d100"),1,"")) | U935: =IF(VLOOKUP(C935,'QA Table'!$Y$5:$Y$20,1,TRUE)=C935,1,0) -> 0 | V935: =IF(AND(D935="Sediment",RIGHT(C935,1)="8"),1,"") | W935: =IF(AND(D935="Sediment",RIGHT(C935,1)="9"),1,"") | X935: =IF(AND(H935=1,OR(LEFT(B935,1)="M",LEFT(B935,1)="E",LEFT(B935,1)="O",LEFT(B935,1)="C")),4,IF(AND(H935=1,OR(LEFT(B935,1)="H",LEFT(B935,1)="S")),3,"")) | Y935: =IF(U935=1,1,IF(AND(E935="LD1",U934=1),1,IF(AND(E935="FD1",U933=1),1,0))) -> 0 | AA935: =IF(X935<>"",1,"")
A936: NS | B936: ECSER959n | C936: 24GE05S0A | D936: 5M | E936: RFS | F936: ECSER959nA24 | G936: ER2411 | K936: =IF(D936="INT",1,"") | L936: =IF(AND(LEFT(B936,1)="E",A936<>"E",RIGHT(B936,1)="M"),IF(AND(A936="w",D936="MID",E936="RFS"),1,IF(AND(A936="C",D936="5M",E936="RFS"),1,"")),IF(AND(RIGHT(B936,1)="M",D936="10M",E936="RFS"),1,"")) | M936: =IF(L936=1,1,"") | N936: =IF(M936=1,1,"") | O936: =IF(N936=1,1,"") | P936: =IF(O936=1,1,"") | Q936: =IF(AND(OR(D936="INT",D936="DCL"),OR(LEFT(B936,2)="SU",LEFT(B936,2)="HU",LEFT(B936,2)="MI",LEFT(B936,2)="CS",LEFT(B936,2)="ON")),2,IF(AND(OR(D936="INT",D936="DCL"),LEFT(B936,2)="ER"),1,"")) | R936: =IF(D936="benthos",1,"") | S936: =IF(D936="mysis",1,"") | T936: =IF(AND(OR(D936="d20",D936="d100"),LEFT(B936,2)="SU"),2,IF(OR(D936="D20",D936="d100"),1,"")) | U936: =IF(VLOOKUP(C936,'QA Table'!$Y$5:$Y$20,1,TRUE)=C936,1,0) -> 0 | V936: =IF(AND(D936="Sediment",RIGHT(C936,1)="8"),1,"") | W936: =IF(AND(D936="Sediment",RIGHT(C936,1)="9"),1,"") | X936: =IF(AND(H936=1,OR(LEFT(B936,1)="M",LEFT(B936,1)="E",LEFT(B936,1)="O",LEFT(B936,1)="C")),4,IF(AND(H936=1,OR(LEFT(B936,1)="H",LEFT(B936,1)="S")),3,"")) | Y936: =IF(U936=1,1,IF(AND(E936="LD1",U935=1),1,IF(AND(E936="FD1",U934=1),1,0))) -> 0 | AA936: =IF(X936<>"",1,"")
A937: NS | B937: ECSER959n | C937: 24GE05S0B | D937: 10M | E937: RFS | F937: ECSER959nA24 | G937: ER2411 | K937: =IF(D937="INT",1,"") | L937: =IF(AND(LEFT(B937,1)="E",A937<>"E",RIGHT(B937,1)="M"),IF(AND(A937="w",D937="MID",E937="RFS"),1,IF(AND(A937="C",D937="5M",E937="RFS"),1,"")),IF(AND(RIGHT(B937,1)="M",D937="10M",E937="RFS"),1,"")) | M937: =IF(L937=1,1,"") | N937: =IF(M937=1,1,"") | O937: =IF(N937=1,1,"") | P937: =IF(O937=1,1,"") | Q937: =IF(AND(OR(D937="INT",D937="DCL"),OR(LEFT(B937,2)="SU",LEFT(B937,2)="HU",LEFT(B937,2)="MI",LEFT(B937,2)="CS",LEFT(B937,2)="ON")),2,IF(AND(OR(D937="INT",D937="DCL"),LEFT(B937,2)="ER"),1,"")) | R937: =IF(D937="benthos",1,"") | S937: =IF(D937="mysis",1,"") | T937: =IF(AND(OR(D937="d20",D937="d100"),LEFT(B937,2)="SU"),2,IF(OR(D937="D20",D937="d100"),1,"")) | U937: =IF(VLOOKUP(C937,'QA Table'!$Y$5:$Y$20,1,TRUE)=C937,1,0) -> 0 | V937: =IF(AND(D937="Sediment",RIGHT(C937,1)="8"),1,"") | W937: =IF(AND(D937="Sediment",RIGHT(C937,1)="9"),1,"") | X937: =IF(AND(H937=1,OR(LEFT(B937,1)="M",LEFT(B937,1)="E",LEFT(B937,1)="O",LEFT(B937,1)="C")),4,IF(AND(H937=1,OR(LEFT(B937,1)="H",LEFT(B937,1)="S")),3,"")) | Y937: =IF(U937=1,1,IF(AND(E937="LD1",U936=1),1,IF(AND(E937="FD1",U935=1),1,0))) -> 0 | AA937: =IF(X937<>"",1,"")
A938: NS | B938: ECSER959n | C938: 24GE05S0C | D938: 20M | E938: RFS | F938: ECSER959nA24 | G938: ER2411 | K938: =IF(D938="INT",1,"") | L938: =IF(AND(LEFT(B938,1)="E",A938<>"E",RIGHT(B938,1)="M"),IF(AND(A938="w",D938="MID",E938="RFS"),1,IF(AND(A938="C",D938="5M",E938="RFS"),1,"")),IF(AND(RIGHT(B938,1)="M",D938="10M",E938="RFS"),1,"")) | M938: =IF(L938=1,1,"") | N938: =IF(M938=1,1,"") | O938: =IF(N938=1,1,"") | P938: =IF(O938=1,1,"") | Q938: =IF(AND(OR(D938="INT",D938="DCL"),OR(LEFT(B938,2)="SU",LEFT(B938,2)="HU",LEFT(B938,2)="MI",LEFT(B938,2)="CS",LEFT(B938,2)="ON")),2,IF(AND(OR(D938="INT",D938="DCL"),LEFT(B938,2)="ER"),1,"")) | R938: =IF(D938="benthos",1,"") | S938: =IF(D938="mysis",1,"") | T938: =IF(AND(OR(D938="d20",D938="d100"),LEFT(B938,2)="SU"),2,IF(OR(D938="D20",D938="d100"),1,"")) | U938: =IF(VLOOKUP(C938,'QA Table'!$Y$5:$Y$20,1,TRUE)=C938,1,0) -> 0 | V938: =IF(AND(D938="Sediment",RIGHT(C938,1)="8"),1,"") | W938: =IF(AND(D938="Sediment",RIGHT(C938,1)="9"),1,"") | X938: =IF(AND(H938=1,OR(LEFT(B938,1)="M",LEFT(B938,1)="E",LEFT(B938,1)="O",LEFT(B938,1)="C")),4,IF(AND(H938=1,OR(LEFT(B938,1)="H",LEFT(B938,1)="S")),3,"")) | Y938: =IF(U938=1,1,IF(AND(E938="LD1",U937=1),1,IF(AND(E938="FD1",U936=1),1,0))) -> 0 | AA938: =IF(X938<>"",1,"")
A939: NS | B939: ECSER959n | C939: 24GE05I12 | D939: INT | E939: RFS | F939: ECSER959nA24 | G939: ER2411 | H939: 1 | K939: =IF(D939="INT",1,"") -> 1 | L939: =IF(AND(LEFT(B939,1)="E",A939<>"E",RIGHT(B939,1)="M"),IF(AND(A939="w",D939="MID",E939="RFS"),1,IF(AND(A939="C",D939="5M",E939="RFS"),1,"")),IF(AND(RIGHT(B939,1)="M",D939="10M",E939="RFS"),1,"")) | M939: =IF(L939=1,1,"") | N939: =IF(M939=1,1,"") | O939: =IF(N939=1,1,"") | P939: =IF(O939=1,1,"") | Q939: 1 | R939: =IF(D939="benthos",1,"") | S939: =IF(D939="mysis",1,"") | T939: =IF(AND(OR(D939="d20",D939="d100"),LEFT(B939,2)="SU"),2,IF(OR(D939="D20",D939="d100"),1,"")) | U939: =IF(VLOOKUP(C939,'QA Table'!$Y$5:$Y$20,1,TRUE)=C939,1,0) -> 0 | V939: =IF(AND(D939="Sediment",RIGHT(C939,1)="8"),1,"") | W939: =IF(AND(D939="Sediment",RIGHT(C939,1)="9"),1,"") | X939: =IF(AND(H939=1,OR(LEFT(B939,1)="M",LEFT(B939,1)="E",LEFT(B939,1)="O",LEFT(B939,1)="C")),4,IF(AND(H939=1,OR(LEFT(B939,1)="H",LEFT(B939,1)="S")),3,"")) -> 4 | Y939: =IF(U939=1,1,IF(AND(E939="LD1",U938=1),1,IF(AND(E939="FD1",U937=1),1,0))) -> 0 | AA939: =IF(X939<>"",1,"") -> 1
A940: NS | B940: ECSER959n | C940: 24GE05I14 | D940: D20 | E940: RFS | F940: ECSER959nA24 | G940: ER2411 | K940: =IF(D940="INT",1,"") | L940: =IF(AND(LEFT(B940,1)="E",A940<>"E",RIGHT(B940,1)="M"),IF(AND(A940="w",D940="MID",E940="RFS"),1,IF(AND(A940="C",D940="5M",E940="RFS"),1,"")),IF(AND(RIGHT(B940,1)="M",D940="10M",E940="RFS"),1,"")) | M940: =IF(L940=1,1,"") | N940: =IF(M940=1,1,"") | O940: =IF(N940=1,1,"") | P940: =IF(O940=1,1,"") | R940: =IF(D940="benthos",1,"") | S940: =IF(D940="mysis",1,"") | T940: =IF(AND(OR(D940="d20",D940="d100"),LEFT(B940,2)="SU"),2,IF(OR(D940="D20",D940="d100"),1,"")) -> 1 | U940: =IF(VLOOKUP(C940,'QA Table'!$Y$5:$Y$20,1,TRUE)=C940,1,0) -> 0 | V940: =IF(AND(D940="Sediment",RIGHT(C940,1)="8"),1,"") | W940: =IF(AND(D940="Sediment",RIGHT(C940,1)="9"),1,"") | X940: =IF(AND(H940=1,OR(LEFT(B940,1)="M",LEFT(B940,1)="E",LEFT(B940,1)="O",LEFT(B940,1)="C")),4,IF(AND(H940=1,OR(LEFT(B940,1)="H",LEFT(B940,1)="S")),3,"")) | Y940: =IF(U940=1,1,IF(AND(E940="LD1",U939=1),1,IF(AND(E940="FD1",U938=1),1,0))) -> 0 | AA940: =IF(X940<>"",1,"")
A941: NS | B941: ER 95b | C941: 24GE05S21 | D941: SRF | E941: RFS | F941: E95bA24 | G941: ER2411 | J941: 1 | K941: =IF(D941="INT",1,"") | L941: =IF(AND(LEFT(B941,1)="E",A941<>"E",RIGHT(B941,1)="M"),IF(AND(A941="w",D941="MID",E941="RFS"),1,IF(AND(A941="C",D941="5M",E941="RFS"),1,"")),IF(AND(RIGHT(B941,1)="M",D941="10M",E941="RFS"),1,"")) | M941: =IF(L941=1,1,"") | N941: =IF(M941=1,1,"") | O941: =IF(N941=1,1,"") | P941: =IF(O941=1,1,"") | Q941: =IF(AND(OR(D941="INT",D941="DCL"),OR(LEFT(B941,2)="SU",LEFT(B941,2)="HU",LEFT(B941,2)="MI",LEFT(B941,2)="CS",LEFT(B941,2)="ON")),2,IF(AND(OR(D941="INT",D941="DCL"),LEFT(B941,2)="ER"),1,"")) | R941: =IF(D941="benthos",1,"") | S941: =IF(D941="mysis",1,"") | T941: =IF(AND(OR(D941="d20",D941="d100"),LEFT(B941,2)="SU"),2,IF(OR(D941="D20",D941="d100"),1,"")) | U941: =IF(VLOOKUP(C941,'QA Table'!$Y$5:$Y$20,1,TRUE)=C941,1,0) -> 0 | V941: =IF(AND(D941="Sediment",RIGHT(C941,1)="8"),1,"") | W941: =IF(AND(D941="Sediment",RIGHT(C941,1)="9"),1,"") | X941: =IF(AND(H941=1,OR(LEFT(B941,1)="M",LEFT(B941,1)="E",LEFT(B941,1)="O",LEFT(B941,1)="C")),4,IF(AND(H941=1,OR(LEFT(B941,1)="H",LEFT(B941,1)="S")),3,"")) | Y941: =IF(U941=1,1,IF(AND(E941="LD1",U940=1),1,IF(AND(E941="FD1",U939=1),1,0))) -> 0 | AA941: =IF(X941<>"",1,"")
A942: NS | B942: ER 95b | C942: 24GE05S2A | D942: 5M | E942: RFS | F942: E95bA24 | G942: ER2411 | K942: =IF(D942="INT",1,"") | L942: =IF(AND(LEFT(B942,1)="E",A942<>"E",RIGHT(B942,1)="M"),IF(AND(A942="w",D942="MID",E942="RFS"),1,IF(AND(A942="C",D942="5M",E942="RFS"),1,"")),IF(AND(RIGHT(B942,1)="M",D942="10M",E942="RFS"),1,"")) | M942: =IF(L942=1,1,"") | N942: =IF(M942=1,1,"") | O942: =IF(N942=1,1,"") | P942: =IF(O942=1,1,"") | Q942: =IF(AND(OR(D942="INT",D942="DCL"),OR(LEFT(B942,2)="SU",LEFT(B942,2)="HU",LEFT(B942,2)="MI",LEFT(B942,2)="CS",LEFT(B942,2)="ON")),2,IF(AND(OR(D942="INT",D942="DCL"),LEFT(B942,2)="ER"),1,"")) | R942: =IF(D942="benthos",1,"") | S942: =IF(D942="mysis",1,"") | T942: =IF(AND(OR(D942="d20",D942="d100"),LEFT(B942,2)="SU"),2,IF(OR(D942="D20",D942="d100"),1,"")) | U942: =IF(VLOOKUP(C942,'QA Table'!$Y$5:$Y$20,1,TRUE)=C942,1,0) -> 0 | V942: =IF(AND(D942="Sediment",RIGHT(C942,1)="8"),1,"") | W942: =IF(AND(D942="Sediment",RIGHT(C942,1)="9"),1,"") | X942: =IF(AND(H942=1,OR(LEFT(B942,1)="M",LEFT(B942,1)="E",LEFT(B942,1)="O",LEFT(B942,1)="C")),4,IF(AND(H942=1,OR(LEFT(B942,1)="H",LEFT(B942,1)="S")),3,"")) | Y942: =IF(U942=1,1,IF(AND(E942="LD1",U941=1),1,IF(AND(E942="FD1",U940=1),1,0))) -> 0 | AA942: =IF(X942<>"",1,"")
A943: NS | B943: ER 95b | C943: 24GE05S2B | D943: 10M | E943: RFS | F943: E95bA24 | G943: ER2411 | K943: =IF(D943="INT",1,"") | L943: =IF(AND(LEFT(B943,1)="E",A943<>"E",RIGHT(B943,1)="M"),IF(AND(A943="w",D943="MID",E943="RFS"),1,IF(AND(A943="C",D943="5M",E943="RFS"),1,"")),IF(AND(RIGHT(B943,1)="M",D943="10M",E943="RFS"),1,"")) | M943: =IF(L943=1,1,"") | N943: =IF(M943=1,1,"") | O943: =IF(N943=1,1,"") | P943: =IF(O943=1,1,"") | Q943: =IF(AND(OR(D943="INT",D943="DCL"),OR(LEFT(B943,2)="SU",LEFT(B943,2)="HU",LEFT(B943,2)="MI",LEFT(B943,2)="CS",LEFT(B943,2)="ON")),2,IF(AND(OR(D943="INT",D943="DCL"),LEFT(B943,2)="ER"),1,"")) | R943: =IF(D943="benthos",1,"") | S943: =IF(D943="mysis",1,"") | T943: =IF(AND(OR(D943="d20",D943="d100"),LEFT(B943,2)="SU"),2,IF(OR(D943="D20",D943="d100"),1,"")) | U943: =IF(VLOOKUP(C943,'QA Table'!$Y$5:$Y$20,1,TRUE)=C943,1,0) -> 0 | V943: =IF(AND(D943="Sediment",RIGHT(C943,1)="8"),1,"") | W943: =IF(AND(D943="Sediment",RIGHT(C943,1)="9"),1,"") | X943: =IF(AND(H943=1,OR(LEFT(B943,1)="M",LEFT(B943,1)="E",LEFT(B943,1)="O",LEFT(B943,1)="C")),4,IF(AND(H943=1,OR(LEFT(B943,1)="H",LEFT(B943,1)="S")),3,"")) | Y943: =IF(U943=1,1,IF(AND(E943="LD1",U942=1),1,IF(AND(E943="FD1",U941=1),1,0))) -> 0 | AA943: =IF(X943<>"",1,"")
A944: NS | B944: ER 95b | C944: 24GE05S2C | D944: 20M | E944: RFS | F944: E95bA24 | G944: ER2411 | K944: =IF(D944="INT",1,"") | L944: =IF(AND(LEFT(B944,1)="E",A944<>"E",RIGHT(B944,1)="M"),IF(AND(A944="w",D944="MID",E944="RFS"),1,IF(AND(A944="C",D944="5M",E944="RFS"),1,"")),IF(AND(RIGHT(B944,1)="M",D944="10M",E944="RFS"),1,"")) | M944: =IF(L944=1,1,"") | N944: =IF(M944=1,1,"") | O944: =IF(N944=1,1,"") | P944: =IF(O944=1,1,"") | Q944: =IF(AND(OR(D944="INT",D944="DCL"),OR(LEFT(B944,2)="SU",LEFT(B944,2)="HU",LEFT(B944,2)="MI",LEFT(B944,2)="CS",LEFT(B944,2)="ON")),2,IF(AND(OR(D944="INT",D944="DCL"),LEFT(B944,2)="ER"),1,"")) | R944: =IF(D944="benthos",1,"") | S944: =IF(D944="mysis",1,"") | T944: =IF(AND(OR(D944="d20",D944="d100"),LEFT(B944,2)="SU"),2,IF(OR(D944="D20",D944="d100"),1,"")) | U944: =IF(VLOOKUP(C944,'QA Table'!$Y$5:$Y$20,1,TRUE)=C944,1,0) -> 0 | V944: =IF(AND(D944="Sediment",RIGHT(C944,1)="8"),1,"") | W944: =IF(AND(D944="Sediment",RIGHT(C944,1)="9"),1,"") | X944: =IF(AND(H944=1,OR(LEFT(B944,1)="M",LEFT(B944,1)="E",LEFT(B944,1)="O",LEFT(B944,1)="C")),4,IF(AND(H944=1,OR(LEFT(B944,1)="H",LEFT(B944,1)="S")),3,"")) | Y944: =IF(U944=1,1,IF(AND(E944="LD1",U943=1),1,IF(AND(E944="FD1",U942=1),1,0))) -> 0 | AA944: =IF(X944<>"",1,"")
A945: NS | B945: ER 95b | C945: 24GE05I32 | D945: INT | E945: RFS | F945: E95bA24 | G945: ER2411 | H945: 1 | K945: =IF(D945="INT",1,"") -> 1 | L945: =IF(AND(LEFT(B945,1)="E",A945<>"E",RIGHT(B945,1)="M"),IF(AND(A945="w",D945="MID",E945="RFS"),1,IF(AND(A945="C",D945="5M",E945="RFS"),1,"")),IF(AND(RIGHT(B945,1)="M",D945="10M",E945="RFS"),1,"")) | M945: =IF(L945=1,1,"") | N945: =IF(M945=1,1,"") | O945: =IF(N945=1,1,"") | P945: =IF(O945=1,1,"") | Q945: =IF(AND(OR(D945="INT",D945="DCL"),OR(LEFT(B945,2)="SU",LEFT(B945,2)="HU",LEFT(B945,2)="MI",LEFT(B945,2)="CS",LEFT(B945,2)="ON")),2,IF(AND(OR(D945="INT",D945="DCL"),LEFT(B945,2)="ER"),1,"")) -> 1 | R945: =IF(D945="benthos",1,"") | S945: =IF(D945="mysis",1,"") | T945: =IF(AND(OR(D945="d20",D945="d100"),LEFT(B945,2)="SU"),2,IF(OR(D945="D20",D945="d100"),1,"")) | U945: =IF(VLOOKUP(C945,'QA Table'!$Y$5:$Y$20,1,TRUE)=C945,1,0) -> 0 | V945: =IF(AND(D945="Sediment",RIGHT(C945,1)="8"),1,"") | W945: =IF(AND(D945="Sediment",RIGHT(C945,1)="9"),1,"") | X945: =IF(AND(H945=1,OR(LEFT(B945,1)="M",LEFT(B945,1)="E",LEFT(B945,1)="O",LEFT(B945,1)="C")),4,IF(AND(H945=1,OR(LEFT(B945,1)="H",LEFT(B945,1)="S")),3,"")) -> 4 | Y945: =IF(U945=1,1,IF(AND(E945="LD1",U944=1),1,IF(AND(E945="FD1",U943=1),1,0))) -> 0 | AA945: =IF(X945<>"",1,"") -> 1
A946: NS | B946: ER 95b | C946: 24GE05I34 | D946: D20 | E946: RFS | F946: E95bA24 | G946: ER2411 | K946: =IF(D946="INT",1,"") | L946: =IF(AND(LEFT(B946,1)="E",A946<>"E",RIGHT(B946,1)="M"),IF(AND(A946="w",D946="MID",E946="RFS"),1,IF(AND(A946="C",D946="5M",E946="RFS"),1,"")),IF(AND(RIGHT(B946,1)="M",D946="10M",E946="RFS"),1,"")) | M946: =IF(L946=1,1,"") | N946: =IF(M946=1,1,"") | O946: =IF(N946=1,1,"") | P946: =IF(O946=1,1,"") | Q946: =IF(AND(OR(D946="INT",D946="DCL"),OR(LEFT(B946,2)="SU",LEFT(B946,2)="HU",LEFT(B946,2)="MI",LEFT(B946,2)="CS",LEFT(B946,2)="ON")),2,IF(AND(OR(D946="INT",D946="DCL"),LEFT(B946,2)="ER"),1,"")) | R946: =IF(D946="benthos",1,"") | S946: =IF(D946="mysis",1,"") | T946: =IF(AND(OR(D946="d20",D946="d100"),LEFT(B946,2)="SU"),2,IF(OR(D946="D20",D946="d100"),1,"")) -> 1 | U946: =IF(VLOOKUP(C946,'QA Table'!$Y$5:$Y$20,1,TRUE)=C946,1,0) -> 0 | V946: =IF(AND(D946="Sediment",RIGHT(C946,1)="8"),1,"") | W946: =IF(AND(D946="Sediment",RIGHT(C946,1)="9"),1,"") | X946: =IF(AND(H946=1,OR(LEFT(B946,1)="M",LEFT(B946,1)="E",LEFT(B946,1)="O",LEFT(B946,1)="C")),4,IF(AND(H946=1,OR(LEFT(B946,1)="H",LEFT(B946,1)="S")),3,"")) | Y946: =IF(U946=1,1,IF(AND(E946="LD1",U945=1),1,IF(AND(E946="FD1",U944=1),1,0))) -> 0 | AA946: =IF(X946<>"",1,"")
A947: NS | B947: ECSER964n | C947: 24GE05S41 | D947: SRF | E947: RFS | F947: ECSER964nA24 | G947: ER2411 | J947: 1 | K947: =IF(D947="INT",1,"") | L947: =IF(AND(LEFT(B947,1)="E",A947<>"E",RIGHT(B947,1)="M"),IF(AND(A947="w",D947="MID",E947="RFS"),1,IF(AND(A947="C",D947="5M",E947="RFS"),1,"")),IF(AND(RIGHT(B947,1)="M",D947="10M",E947="RFS"),1,"")) | M947: =IF(L947=1,1,"") | N947: =IF(M947=1,1,"") | O947: =IF(N947=1,1,"") | P947: =IF(O947=1,1,"") | Q947: =IF(AND(OR(D947="INT",D947="DCL"),OR(LEFT(B947,2)="SU",LEFT(B947,2)="HU",LEFT(B947,2)="MI",LEFT(B947,2)="CS",LEFT(B947,2)="ON")),2,IF(AND(OR(D947="INT",D947="DCL"),LEFT(B947,2)="ER"),1,"")) | R947: =IF(D947="benthos",1,"") | S947: =IF(D947="mysis",1,"") | T947: =IF(AND(OR(D947="d20",D947="d100"),LEFT(B947,2)="SU"),2,IF(OR(D947="D20",D947="d100"),1,"")) | U947: =IF(VLOOKUP(C947,'QA Table'!$Y$5:$Y$20,1,TRUE)=C947,1,0) -> 0 | V947: =IF(AND(D947="Sediment",RIGHT(C947,1)="8"),1,"") | W947: =IF(AND(D947="Sediment",RIGHT(C947,1)="9"),1,"") | X947: =IF(AND(H947=1,OR(LEFT(B947,1)="M",LEFT(B947,1)="E",LEFT(B947,1)="O",LEFT(B947,1)="C")),4,IF(AND(H947=1,OR(LEFT(B947,1)="H",LEFT(B947,1)="S")),3,"")) | Y947: =IF(U947=1,1,IF(AND(E947="LD1",U946=1),1,IF(AND(E947="FD1",U945=1),1,0))) -> 0 | AA947: =IF(X947<>"",1,"")
A948: NS | B948: ECSER964n | C948: 24GE05S4A | D948: 5M | E948: RFS | F948: ECSER964nA24 | G948: ER2411 | K948: =IF(D948="INT",1,"") | L948: =IF(AND(LEFT(B948,1)="E",A948<>"E",RIGHT(B948,1)="M"),IF(AND(A948="w",D948="MID",E948="RFS"),1,IF(AND(A948="C",D948="5M",E948="RFS"),1,"")),IF(AND(RIGHT(B948,1)="M",D948="10M",E948="RFS"),1,"")) | M948: =IF(L948=1,1,"") | N948: =IF(M948=1,1,"") | O948: =IF(N948=1,1,"") | P948: =IF(O948=1,1,"") | Q948: =IF(AND(OR(D948="INT",D948="DCL"),OR(LEFT(B948,2)="SU",LEFT(B948,2)="HU",LEFT(B948,2)="MI",LEFT(B948,2)="CS",LEFT(B948,2)="ON")),2,IF(AND(OR(D948="INT",D948="DCL"),LEFT(B948,2)="ER"),1,"")) | R948: =IF(D948="benthos",1,"") | S948: =IF(D948="mysis",1,"") | T948: =IF(AND(OR(D948="d20",D948="d100"),LEFT(B948,2)="SU"),2,IF(OR(D948="D20",D948="d100"),1,"")) | U948: =IF(VLOOKUP(C948,'QA Table'!$Y$5:$Y$20,1,TRUE)=C948,1,0) -> 0 | V948: =IF(AND(D948="Sediment",RIGHT(C948,1)="8"),1,"") | W948: =IF(AND(D948="Sediment",RIGHT(C948,1)="9"),1,"") | X948: =IF(AND(H948=1,OR(LEFT(B948,1)="M",LEFT(B948,1)="E",LEFT(B948,1)="O",LEFT(B948,1)="C")),4,IF(AND(H948=1,OR(LEFT(B948,1)="H",LEFT(B948,1)="S")),3,"")) | Y948: =IF(U948=1,1,IF(AND(E948="LD1",U947=1),1,IF(AND(E948="FD1",U946=1),1,0))) -> 0 | AA948: =IF(X948<>"",1,"")
A949: NS | B949: ECSER964n | C949: 24GE05S4B | D949: 10M | E949: RFS | F949: ECSER964nA24 | G949: ER2411 | K949: =IF(D949="INT",1,"") | L949: =IF(AND(LEFT(B949,1)="E",A949<>"E",RIGHT(B949,1)="M"),IF(AND(A949="w",D949="MID",E949="RFS"),1,IF(AND(A949="C",D949="5M",E949="RFS"),1,"")),IF(AND(RIGHT(B949,1)="M",D949="10M",E949="RFS"),1,"")) | M949: =IF(L949=1,1,"") | N949: =IF(M949=1,1,"") | O949: =IF(N949=1,1,"") | P949: =IF(O949=1,1,"") | Q949: =IF(AND(OR(D949="INT",D949="DCL"),OR(LEFT(B949,2)="SU",LEFT(B949,2)="HU",LEFT(B949,2)="MI",LEFT(B949,2)="CS",LEFT(B949,2)="ON")),2,IF(AND(OR(D949="INT",D949="DCL"),LEFT(B949,2)="ER"),1,"")) | R949: =IF(D949="benthos",1,"") | S949: =IF(D949="mysis",1,"") | T949: =IF(AND(OR(D949="d20",D949="d100"),LEFT(B949,2)="SU"),2,IF(OR(D949="D20",D949="d100"),1,"")) | U949: =IF(VLOOKUP(C949,'QA Table'!$Y$5:$Y$20,1,TRUE)=C949,1,0) -> 0 | V949: =IF(AND(D949="Sediment",RIGHT(C949,1)="8"),1,"") | W949: =IF(AND(D949="Sediment",RIGHT(C949,1)="9"),1,"") | X949: =IF(AND(H949=1,OR(LEFT(B949,1)="M",LEFT(B949,1)="E",LEFT(B949,1)="O",LEFT(B949,1)="C")),4,IF(AND(H949=1,OR(LEFT(B949,1)="H",LEFT(B949,1)="S")),3,"")) | Y949: =IF(U949=1,1,IF(AND(E949="LD1",U948=1),1,IF(AND(E949="FD1",U947=1),1,0))) -> 0 | AA949: =IF(X949<>"",1,"")
A950: NS | B950: ECSER964n | C950: 24GE05S4C | D950: 20M | E950: RFS | F950: ECSER964nA24 | G950: ER2411 | K950: =IF(D950="INT",1,"") | L950: =IF(AND(LEFT(B950,1)="E",A950<>"E",RIGHT(B950,1)="M"),IF(AND(A950="w",D950="MID",E950="RFS"),1,IF(AND(A950="C",D950="5M",E950="RFS"),1,"")),IF(AND(RIGHT(B950,1)="M",D950="10M",E950="RFS"),1,"")) | M950: =IF(L950=1,1,"") | N950: =IF(M950=1,1,"") | O950: =IF(N950=1,1,"") | P950: =IF(O950=1,1,"") | Q950: =IF(AND(OR(D950="INT",D950="DCL"),OR(LEFT(B950,2)="SU",LEFT(B950,2)="HU",LEFT(B950,2)="MI",LEFT(B950,2)="CS",LEFT(B950,2)="ON")),2,IF(AND(OR(D950="INT",D950="DCL"),LEFT(B950,2)="ER"),1,"")) | R950: =IF(D950="benthos",1,"") | S950: =IF(D950="mysis",1,"") | T950: =IF(AND(OR(D950="d20",D950="d100"),LEFT(B950,2)="SU"),2,IF(OR(D950="D20",D950="d100"),1,"")) | U950: =IF(VLOOKUP(C950,'QA Table'!$Y$5:$Y$20,1,TRUE)=C950,1,0) -> 0 | V950: =IF(AND(D950="Sediment",RIGHT(C950,1)="8"),1,"") | W950: =IF(AND(D950="Sediment",RIGHT(C950,1)="9"),1,"") | X950: =IF(AND(H950=1,OR(LEFT(B950,1)="M",LEFT(B950,1)="E",LEFT(B950,1)="O",LEFT(B950,1)="C")),4,IF(AND(H950=1,OR(LEFT(B950,1)="H",LEFT(B950,1)="S")),3,"")) | Y950: =IF(U950=1,1,IF(AND(E950="LD1",U949=1),1,IF(AND(E950="FD1",U948=1),1,0))) -> 0 | AA950: =IF(X950<>"",1,"")
A951: NS | B951: ECSER964n | C951: 24GE05I52 | D951: INT | E951: RFS | F951: ECSER964nA24 | G951: ER2411 | H951: 1 | K951: =IF(D951="INT",1,"") -> 1 | L951: =IF(AND(LEFT(B951,1)="E",A951<>"E",RIGHT(B951,1)="M"),IF(AND(A951="w",D951="MID",E951="RFS"),1,IF(AND(A951="C",D951="5M",E951="RFS"),1,"")),IF(AND(RIGHT(B951,1)="M",D951="10M",E951="RFS"),1,"")) | M951: =IF(L951=1,1,"") | N951: =IF(M951=1,1,"") | O951: =IF(N951=1,1,"") | P951: =IF(O951=1,1,"") | Q951: 1 | R951: =IF(D951="benthos",1,"") | S951: =IF(D951="mysis",1,"") | T951: =IF(AND(OR(D951="d20",D951="d100"),LEFT(B951,2)="SU"),2,IF(OR(D951="D20",D951="d100"),1,"")) | U951: =IF(VLOOKUP(C951,'QA Table'!$Y$5:$Y$20,1,TRUE)=C951,1,0) -> 0 | V951: =IF(AND(D951="Sediment",RIGHT(C951,1)="8"),1,"") | W951: =IF(AND(D951="Sediment",RIGHT(C951,1)="9"),1,"") | X951: =IF(AND(H951=1,OR(LEFT(B951,1)="M",LEFT(B951,1)="E",LEFT(B951,1)="O",LEFT(B951,1)="C")),4,IF(AND(H951=1,OR(LEFT(B951,1)="H",LEFT(B951,1)="S")),3,"")) -> 4 | Y951: =IF(U951=1,1,IF(AND(E951="LD1",U950=1),1,IF(AND(E951="FD1",U949=1),1,0))) -> 0 | AA951: =IF(X951<>"",1,"") -> 1
A952: NS | B952: ECSER964n | C952: 24GE05I54 | D952: D20 | E952: RFS | F952: ECSER964nA24 | G952: ER2411 | K952: =IF(D952="INT",1,"") | L952: =IF(AND(LEFT(B952,1)="E",A952<>"E",RIGHT(B952,1)="M"),IF(AND(A952="w",D952="MID",E952="RFS"),1,IF(AND(A952="C",D952="5M",E952="RFS"),1,"")),IF(AND(RIGHT(B952,1)="M",D952="10M",E952="RFS"),1,"")) | M952: =IF(L952=1,1,"") | N952: =IF(M952=1,1,"") | O952: =IF(N952=1,1,"") | P952: =IF(O952=1,1,"") | R952: =IF(D952="benthos",1,"") | S952: =IF(D952="mysis",1,"") | T952: =IF(AND(OR(D952="d20",D952="d100"),LEFT(B952,2)="SU"),2,IF(OR(D952="D20",D952="d100"),1,"")) -> 1 | U952: =IF(VLOOKUP(C952,'QA Table'!$Y$5:$Y$20,1,TRUE)=C952,1,0) -> 0 | V952: =IF(AND(D952="Sediment",RIGHT(C952,1)="8"),1,"") | W952: =IF(AND(D952="Sediment",RIGHT(C952,1)="9"),1,"") | X952: =IF(AND(H952=1,OR(LEFT(B952,1)="M",LEFT(B952,1)="E",LEFT(B952,1)="O",LEFT(B952,1)="C")),4,IF(AND(H952=1,OR(LEFT(B952,1)="H",LEFT(B952,1)="S")),3,"")) | Y952: =IF(U952=1,1,IF(AND(E952="LD1",U951=1),1,IF(AND(E952="FD1",U950=1),1,0))) -> 0 | AA952: =IF(X952<>"",1,"")
A953: NS | B953: ECSER966n | C953: 24GE05S61 | D953: SRF | E953: RFS | F953: ECSER966nA24 | G953: ER2411 | J953: 1 | K953: =IF(D953="INT",1,"") | L953: =IF(AND(LEFT(B953,1)="E",A953<>"E",RIGHT(B953,1)="M"),IF(AND(A953="w",D953="MID",E953="RFS"),1,IF(AND(A953="C",D953="5M",E953="RFS"),1,"")),IF(AND(RIGHT(B953,1)="M",D953="10M",E953="RFS"),1,"")) | M953: =IF(L953=1,1,"") | N953: =IF(M953=1,1,"") | O953: =IF(N953=1,1,"") | P953: =IF(O953=1,1,"") | Q953: =IF(AND(OR(D953="INT",D953="DCL"),OR(LEFT(B953,2)="SU",LEFT(B953,2)="HU",LEFT(B953,2)="MI",LEFT(B953,2)="CS",LEFT(B953,2)="ON")),2,IF(AND(OR(D953="INT",D953="DCL"),LEFT(B953,2)="ER"),1,"")) | R953: =IF(D953="benthos",1,"") | S953: =IF(D953="mysis",1,"") | T953: =IF(AND(OR(D953="d20",D953="d100"),LEFT(B953,2)="SU"),2,IF(OR(D953="D20",D953="d100"),1,"")) | U953: =IF(VLOOKUP(C953,'QA Table'!$Y$5:$Y$20,1,TRUE)=C953,1,0) -> 0 | V953: =IF(AND(D953="Sediment",RIGHT(C953,1)="8"),1,"") | W953: =IF(AND(D953="Sediment",RIGHT(C953,1)="9"),1,"") | X953: =IF(AND(H953=1,OR(LEFT(B953,1)="M",LEFT(B953,1)="E",LEFT(B953,1)="O",LEFT(B953,1)="C")),4,IF(AND(H953=1,OR(LEFT(B953,1)="H",LEFT(B953,1)="S")),3,"")) | Y953: =IF(U953=1,1,IF(AND(E953="LD1",U952=1),1,IF(AND(E953="FD1",U951=1),1,0))) -> 0 | AA953: =IF(X953<>"",1,"")
A954: NS | B954: ECSER966n | C954: 24GE05S6A | D954: 5M | E954: RFS | F954: ECSER966nA24 | G954: ER2411 | K954: =IF(D954="INT",1,"") | L954: =IF(AND(LEFT(B954,1)="E",A954<>"E",RIGHT(B954,1)="M"),IF(AND(A954="w",D954="MID",E954="RFS"),1,IF(AND(A954="C",D954="5M",E954="RFS"),1,"")),IF(AND(RIGHT(B954,1)="M",D954="10M",E954="RFS"),1,"")) | M954: =IF(L954=1,1,"") | N954: =IF(M954=1,1,"") | O954: =IF(N954=1,1,"") | P954: =IF(O954=1,1,"") | Q954: =IF(AND(OR(D954="INT",D954="DCL"),OR(LEFT(B954,2)="SU",LEFT(B954,2)="HU",LEFT(B954,2)="MI",LEFT(B954,2)="CS",LEFT(B954,2)="ON")),2,IF(AND(OR(D954="INT",D954="DCL"),LEFT(B954,2)="ER"),1,"")) | R954: =IF(D954="benthos",1,"") | S954: =IF(D954="mysis",1,"") | T954: =IF(AND(OR(D954="d20",D954="d100"),LEFT(B954,2)="SU"),2,IF(OR(D954="D20",D954="d100"),1,"")) | U954: =IF(VLOOKUP(C954,'QA Table'!$Y$5:$Y$20,1,TRUE)=C954,1,0) -> 0 | V954: =IF(AND(D954="Sediment",RIGHT(C954,1)="8"),1,"") | W954: =IF(AND(D954="Sediment",RIGHT(C954,1)="9"),1,"") | X954: =IF(AND(H954=1,OR(LEFT(B954,1)="M",LEFT(B954,1)="E",LEFT(B954,1)="O",LEFT(B954,1)="C")),4,IF(AND(H954=1,OR(LEFT(B954,1)="H",LEFT(B954,1)="S")),3,"")) | Y954: =IF(U954=1,1,IF(AND(E954="LD1",U953=1),1,IF(AND(E954="FD1",U952=1),1,0))) -> 0 | AA954: =IF(X954<>"",1,"")
A955: NS | B955: ECSER966n | C955: 24GE05S6B | D955: 10M | E955: RFS | F955: ECSER966nA24 | G955: ER2411 | K955: =IF(D955="INT",1,"") | L955: =IF(AND(LEFT(B955,1)="E",A955<>"E",RIGHT(B955,1)="M"),IF(AND(A955="w",D955="MID",E955="RFS"),1,IF(AND(A955="C",D955="5M",E955="RFS"),1,"")),IF(AND(RIGHT(B955,1)="M",D955="10M",E955="RFS"),1,"")) | M955: =IF(L955=1,1,"") | N955: =IF(M955=1,1,"") | O955: =IF(N955=1,1,"") | P955: =IF(O955=1,1,"") | Q955: =IF(AND(OR(D955="INT",D955="DCL"),OR(LEFT(B955,2)="SU",LEFT(B955,2)="HU",LEFT(B955,2)="MI",LEFT(B955,2)="CS",LEFT(B955,2)="ON")),2,IF(AND(OR(D955="INT",D955="DCL"),LEFT(B955,2)="ER"),1,"")) | R955: =IF(D955="benthos",1,"") | S955: =IF(D955="mysis",1,"") | T955: =IF(AND(OR(D955="d20",D955="d100"),LEFT(B955,2)="SU"),2,IF(OR(D955="D20",D955="d100"),1,"")) | U955: =IF(VLOOKUP(C955,'QA Table'!$Y$5:$Y$20,1,TRUE)=C955,1,0) -> 0 | V955: =IF(AND(D955="Sediment",RIGHT(C955,1)="8"),1,"") | W955: =IF(AND(D955="Sediment",RIGHT(C955,1)="9"),1,"") | X955: =IF(AND(H955=1,OR(LEFT(B955,1)="M",LEFT(B955,1)="E",LEFT(B955,1)="O",LEFT(B955,1)="C")),4,IF(AND(H955=1,OR(LEFT(B955,1)="H",LEFT(B955,1)="S")),3,"")) | Y955: =IF(U955=1,1,IF(AND(E955="LD1",U954=1),1,IF(AND(E955="FD1",U953=1),1,0))) -> 0 | AA955: =IF(X955<>"",1,"")
A956: NS | B956: ECSER966n | C956: 24GE05S6C | D956: 20M | E956: RFS | F956: ECSER966nA24 | G956: ER2411 | K956: =IF(D956="INT",1,"") | L956: =IF(AND(LEFT(B956,1)="E",A956<>"E",RIGHT(B956,1)="M"),IF(AND(A956="w",D956="MID",E956="RFS"),1,IF(AND(A956="C",D956="5M",E956="RFS"),1,"")),IF(AND(RIGHT(B956,1)="M",D956="10M",E956="RFS"),1,"")) | M956: =IF(L956=1,1,"") | N956: =IF(M956=1,1,"") | O956: =IF(N956=1,1,"") | P956: =IF(O956=1,1,"") | Q956: =IF(AND(OR(D956="INT",D956="DCL"),OR(LEFT(B956,2)="SU",LEFT(B956,2)="HU",LEFT(B956,2)="MI",LEFT(B956,2)="CS",LEFT(B956,2)="ON")),2,IF(AND(OR(D956="INT",D956="DCL"),LEFT(B956,2)="ER"),1,"")) | R956: =IF(D956="benthos",1,"") | S956: =IF(D956="mysis",1,"") | T956: =IF(AND(OR(D956="d20",D956="d100"),LEFT(B956,2)="SU"),2,IF(OR(D956="D20",D956="d100"),1,"")) | U956: =IF(VLOOKUP(C956,'QA Table'!$Y$5:$Y$20,1,TRUE)=C956,1,0) -> 0 | V956: =IF(AND(D956="Sediment",RIGHT(C956,1)="8"),1,"") | W956: =IF(AND(D956="Sediment",RIGHT(C956,1)="9"),1,"") | X956: =IF(AND(H956=1,OR(LEFT(B956,1)="M",LEFT(B956,1)="E",LEFT(B956,1)="O",LEFT(B956,1)="C")),4,IF(AND(H956=1,OR(LEFT(B956,1)="H",LEFT(B956,1)="S")),3,"")) | Y956: =IF(U956=1,1,IF(AND(E956="LD1",U955=1),1,IF(AND(E956="FD1",U954=1),1,0))) -> 0 | AA956: =IF(X956<>"",1,"")
A957: NS | B957: ECSER966n | C957: 24GE05I72 | D957: INT | E957: RFS | F957: ECSER966nA24 | G957: ER2411 | H957: 1 | K957: =IF(D957="INT",1,"") -> 1 | L957: =IF(AND(LEFT(B957,1)="E",A957<>"E",RIGHT(B957,1)="M"),IF(AND(A957="w",D957="MID",E957="RFS"),1,IF(AND(A957="C",D957="5M",E957="RFS"),1,"")),IF(AND(RIGHT(B957,1)="M",D957="10M",E957="RFS"),1,"")) | M957: =IF(L957=1,1,"") | N957: =IF(M957=1,1,"") | O957: =IF(N957=1,1,"") | P957: =IF(O957=1,1,"") | Q957: 1 | R957: =IF(D957="benthos",1,"") | S957: =IF(D957="mysis",1,"") | T957: =IF(AND(OR(D957="d20",D957="d100"),LEFT(B957,2)="SU"),2,IF(OR(D957="D20",D957="d100"),1,"")) | U957: =IF(VLOOKUP(C957,'QA Table'!$Y$5:$Y$20,1,TRUE)=C957,1,0) -> 0 | V957: =IF(AND(D957="Sediment",RIGHT(C957,1)="8"),1,"") | W957: =IF(AND(D957="Sediment",RIGHT(C957,1)="9"),1,"") | X957: =IF(AND(H957=1,OR(LEFT(B957,1)="M",LEFT(B957,1)="E",LEFT(B957,1)="O",LEFT(B957,1)="C")),4,IF(AND(H957=1,OR(LEFT(B957,1)="H",LEFT(B957,1)="S")),3,"")) -> 4 | Y957: =IF(U957=1,1,IF(AND(E957="LD1",U956=1),1,IF(AND(E957="FD1",U955=1),1,0))) -> 0 | AA957: =IF(X957<>"",1,"") -> 1
A958: NS | B958: ECSER966n | C958: 24GE05I74 | D958: D20 | E958: RFS | F958: ECSER966nA24 | G958: ER2411 | K958: =IF(D958="INT",1,"") | L958: =IF(AND(LEFT(B958,1)="E",A958<>"E",RIGHT(B958,1)="M"),IF(AND(A958="w",D958="MID",E958="RFS"),1,IF(AND(A958="C",D958="5M",E958="RFS"),1,"")),IF(AND(RIGHT(B958,1)="M",D958="10M",E958="RFS"),1,"")) | M958: =IF(L958=1,1,"") | N958: =IF(M958=1,1,"") | O958: =IF(N958=1,1,"") | P958: =IF(O958=1,1,"") | R958: =IF(D958="benthos",1,"") | S958: =IF(D958="mysis",1,"") | T958: =IF(AND(OR(D958="d20",D958="d100"),LEFT(B958,2)="SU"),2,IF(OR(D958="D20",D958="d100"),1,"")) -> 1 | U958: =IF(VLOOKUP(C958,'QA Table'!$Y$5:$Y$20,1,TRUE)=C958,1,0) -> 0 | V958: =IF(AND(D958="Sediment",RIGHT(C958,1)="8"),1,"") | W958: =IF(AND(D958="Sediment",RIGHT(C958,1)="9"),1,"") | X958: =IF(AND(H958=1,OR(LEFT(B958,1)="M",LEFT(B958,1)="E",LEFT(B958,1)="O",LEFT(B958,1)="C")),4,IF(AND(H958=1,OR(LEFT(B958,1)="H",LEFT(B958,1)="S")),3,"")) | Y958: =IF(U958=1,1,IF(AND(E958="LD1",U957=1),1,IF(AND(E958="FD1",U956=1),1,0))) -> 0 | AA958: =IF(X958<>"",1,"")
A959: NS | B959: ECSERG09n | C959: 24GE05S81 | D959: SRF | E959: RFS | F959: ECSERG09nA24 | G959: ER2411 | J959: 1 | K959: =IF(D959="INT",1,"") | L959: =IF(AND(LEFT(B959,1)="E",A959<>"E",RIGHT(B959,1)="M"),IF(AND(A959="w",D959="MID",E959="RFS"),1,IF(AND(A959="C",D959="5M",E959="RFS"),1,"")),IF(AND(RIGHT(B959,1)="M",D959="10M",E959="RFS"),1,"")) | M959: =IF(L959=1,1,"") | N959: =IF(M959=1,1,"") | O959: =IF(N959=1,1,"") | P959: =IF(O959=1,1,"") | Q959: =IF(AND(OR(D959="INT",D959="DCL"),OR(LEFT(B959,2)="SU",LEFT(B959,2)="HU",LEFT(B959,2)="MI",LEFT(B959,2)="CS",LEFT(B959,2)="ON")),2,IF(AND(OR(D959="INT",D959="DCL"),LEFT(B959,2)="ER"),1,"")) | R959: =IF(D959="benthos",1,"") | S959: =IF(D959="mysis",1,"") | T959: =IF(AND(OR(D959="d20",D959="d100"),LEFT(B959,2)="SU"),2,IF(OR(D959="D20",D959="d100"),1,"")) | U959: =IF(VLOOKUP(C959,'QA Table'!$Y$5:$Y$20,1,TRUE)=C959,1,0) -> 0 | V959: =IF(AND(D959="Sediment",RIGHT(C959,1)="8"),1,"") | W959: =IF(AND(D959="Sediment",RIGHT(C959,1)="9"),1,"") | X959: =IF(AND(H959=1,OR(LEFT(B959,1)="M",LEFT(B959,1)="E",LEFT(B959,1)="O",LEFT(B959,1)="C")),4,IF(AND(H959=1,OR(LEFT(B959,1)="H",LEFT(B959,1)="S")),3,"")) | Y959: =IF(U959=1,1,IF(AND(E959="LD1",U958=1),1,IF(AND(E959="FD1",U957=1),1,0))) -> 0 | AA959: =IF(X959<>"",1,"")
A960: NS | B960: ECSERG09n | C960: 24GE05S8A | D960: 5M | E960: RFS | F960: ECSERG09nA24 | G960: ER2411 | K960: =IF(D960="INT",1,"") | L960: =IF(AND(LEFT(B960,1)="E",A960<>"E",RIGHT(B960,1)="M"),IF(AND(A960="w",D960="MID",E960="RFS"),1,IF(AND(A960="C",D960="5M",E960="RFS"),1,"")),IF(AND(RIGHT(B960,1)="M",D960="10M",E960="RFS"),1,"")) | M960: =IF(L960=1,1,"") | N960: =IF(M960=1,1,"") | O960: =IF(N960=1,1,"") | P960: =IF(O960=1,1,"") | Q960: =IF(AND(OR(D960="INT",D960="DCL"),OR(LEFT(B960,2)="SU",LEFT(B960,2)="HU",LEFT(B960,2)="MI",LEFT(B960,2)="CS",LEFT(B960,2)="ON")),2,IF(AND(OR(D960="INT",D960="DCL"),LEFT(B960,2)="ER"),1,"")) | R960: =IF(D960="benthos",1,"") | S960: =IF(D960="mysis",1,"") | T960: =IF(AND(OR(D960="d20",D960="d100"),LEFT(B960,2)="SU"),2,IF(OR(D960="D20",D960="d100"),1,"")) | U960: =IF(VLOOKUP(C960,'QA Table'!$Y$5:$Y$20,1,TRUE)=C960,1,0) -> 0 | V960: =IF(AND(D960="Sediment",RIGHT(C960,1)="8"),1,"") | W960: =IF(AND(D960="Sediment",RIGHT(C960,1)="9"),1,"") | X960: =IF(AND(H960=1,OR(LEFT(B960,1)="M",LEFT(B960,1)="E",LEFT(B960,1)="O",LEFT(B960,1)="C")),4,IF(AND(H960=1,OR(LEFT(B960,1)="H",LEFT(B960,1)="S")),3,"")) | Y960: =IF(U960=1,1,IF(AND(E960="LD1",U959=1),1,IF(AND(E960="FD1",U958=1),1,0))) -> 0 | AA960: =IF(X960<>"",1,"")
A961: NS | B961: ECSERG09n | C961: 24GE05S8B | D961: 10M | E961: RFS | F961: ECSERG09nA24 | G961: ER2411 | K961: =IF(D961="INT",1,"") | L961: =IF(AND(LEFT(B961,1)="E",A961<>"E",RIGHT(B961,1)="M"),IF(AND(A961="w",D961="MID",E961="RFS"),1,IF(AND(A961="C",D961="5M",E961="RFS"),1,"")),IF(AND(RIGHT(B961,1)="M",D961="10M",E961="RFS"),1,"")) | M961: =IF(L961=1,1,"") | N961: =IF(M961=1,1,"") | O961: =IF(N961=1,1,"") | P961: =IF(O961=1,1,"") | Q961: =IF(AND(OR(D961="INT",D961="DCL"),OR(LEFT(B961,2)="SU",LEFT(B961,2)="HU",LEFT(B961,2)="MI",LEFT(B961,2)="CS",LEFT(B961,2)="ON")),2,IF(AND(OR(D961="INT",D961="DCL"),LEFT(B961,2)="ER"),1,"")) | R961: =IF(D961="benthos",1,"") | S961: =IF(D961="mysis",1,"") | T961: =IF(AND(OR(D961="d20",D961="d100"),LEFT(B961,2)="SU"),2,IF(OR(D961="D20",D961="d100"),1,"")) | U961: =IF(VLOOKUP(C961,'QA Table'!$Y$5:$Y$20,1,TRUE)=C961,1,0) -> 0 | V961: =IF(AND(D961="Sediment",RIGHT(C961,1)="8"),1,"") | W961: =IF(AND(D961="Sediment",RIGHT(C961,1)="9"),1,"") | X961: =IF(AND(H961=1,OR(LEFT(B961,1)="M",LEFT(B961,1)="E",LEFT(B961,1)="O",LEFT(B961,1)="C")),4,IF(AND(H961=1,OR(LEFT(B961,1)="H",LEFT(B961,1)="S")),3,"")) | Y961: =IF(U961=1,1,IF(AND(E961="LD1",U960=1),1,IF(AND(E961="FD1",U959=1),1,0))) -> 0 | AA961: =IF(X961<>"",1,"")
A962: NS | B962: ECSERG09n | C962: 24GE05S8C | D962: 20M | E962: RFS | F962: ECSERG09nA24 | G962: ER2411 | K962: =IF(D962="INT",1,"") | L962: =IF(AND(LEFT(B962,1)="E",A962<>"E",RIGHT(B962,1)="M"),IF(AND(A962="w",D962="MID",E962="RFS"),1,IF(AND(A962="C",D962="5M",E962="RFS"),1,"")),IF(AND(RIGHT(B962,1)="M",D962="10M",E962="RFS"),1,"")) | M962: =IF(L962=1,1,"") | N962: =IF(M962=1,1,"") | O962: =IF(N962=1,1,"") | P962: =IF(O962=1,1,"") | Q962: =IF(AND(OR(D962="INT",D962="DCL"),OR(LEFT(B962,2)="SU",LEFT(B962,2)="HU",LEFT(B962,2)="MI",LEFT(B962,2)="CS",LEFT(B962,2)="ON")),2,IF(AND(OR(D962="INT",D962="DCL"),LEFT(B962,2)="ER"),1,"")) | R962: =IF(D962="benthos",1,"") | S962: =IF(D962="mysis",1,"") | T962: =IF(AND(OR(D962="d20",D962="d100"),LEFT(B962,2)="SU"),2,IF(OR(D962="D20",D962="d100"),1,"")) | U962: =IF(VLOOKUP(C962,'QA Table'!$Y$5:$Y$20,1,TRUE)=C962,1,0) -> 0 | V962: =IF(AND(D962="Sediment",RIGHT(C962,1)="8"),1,"") | W962: =IF(AND(D962="Sediment",RIGHT(C962,1)="9"),1,"") | X962: =IF(AND(H962=1,OR(LEFT(B962,1)="M",LEFT(B962,1)="E",LEFT(B962,1)="O",LEFT(B962,1)="C")),4,IF(AND(H962=1,OR(LEFT(B962,1)="H",LEFT(B962,1)="S")),3,"")) | Y962: =IF(U962=1,1,IF(AND(E962="LD1",U961=1),1,IF(AND(E962="FD1",U960=1),1,0))) -> 0 | AA962: =IF(X962<>"",1,"")
A963: NS | B963: ECSERG09n | C963: 24GE05I92 | D963: INT | E963: RFS | F963: ECSERG09nA24 | G963: ER2411 | H963: 1 | K963: =IF(D963="INT",1,"") -> 1 | L963: =IF(AND(LEFT(B963,1)="E",A963<>"E",RIGHT(B963,1)="M"),IF(AND(A963="w",D963="MID",E963="RFS"),1,IF(AND(A963="C",D963="5M",E963="RFS"),1,"")),IF(AND(RIGHT(B963,1)="M",D963="10M",E963="RFS"),1,"")) | M963: =IF(L963=1,1,"") | N963: =IF(M963=1,1,"") | O963: =IF(N963=1,1,"") | P963: =IF(O963=1,1,"") | Q963: 1 | R963: =IF(D963="benthos",1,"") | S963: =IF(D963="mysis",1,"") | T963: =IF(AND(OR(D963="d20",D963="d100"),LEFT(B963,2)="SU"),2,IF(OR(D963="D20",D963="d100"),1,"")) | U963: =IF(VLOOKUP(C963,'QA Table'!$Y$5:$Y$20,1,TRUE)=C963,1,0) -> 0 | V963: =IF(AND(D963="Sediment",RIGHT(C963,1)="8"),1,"") | W963: =IF(AND(D963="Sediment",RIGHT(C963,1)="9"),1,"") | X963: =IF(AND(H963=1,OR(LEFT(B963,1)="M",LEFT(B963,1)="E",LEFT(B963,1)="O",LEFT(B963,1)="C")),4,IF(AND(H963=1,OR(LEFT(B963,1)="H",LEFT(B963,1)="S")),3,"")) -> 4 | Y963: =IF(U963=1,1,IF(AND(E963="LD1",U962=1),1,IF(AND(E963="FD1",U961=1),1,0))) -> 0 | AA963: =IF(X963<>"",1,"") -> 1
A964: NS | B964: ECSERG09n | C964: 24GE05I94 | D964: D20 | E964: RFS | F964: ECSERG09nA24 | G964: ER2411 | K964: =IF(D964="INT",1,"") | L964: =IF(AND(LEFT(B964,1)="E",A964<>"E",RIGHT(B964,1)="M"),IF(AND(A964="w",D964="MID",E964="RFS"),1,IF(AND(A964="C",D964="5M",E964="RFS"),1,"")),IF(AND(RIGHT(B964,1)="M",D964="10M",E964="RFS"),1,"")) | M964: =IF(L964=1,1,"") | N964: =IF(M964=1,1,"") | O964: =IF(N964=1,1,"") | P964: =IF(O964=1,1,"") | R964: =IF(D964="benthos",1,"") | S964: =IF(D964="mysis",1,"") | T964: =IF(AND(OR(D964="d20",D964="d100"),LEFT(B964,2)="SU"),2,IF(OR(D964="D20",D964="d100"),1,"")) -> 1 | U964: =IF(VLOOKUP(C964,'QA Table'!$Y$5:$Y$20,1,TRUE)=C964,1,0) -> 0 | V964: =IF(AND(D964="Sediment",RIGHT(C964,1)="8"),1,"") | W964: =IF(AND(D964="Sediment",RIGHT(C964,1)="9"),1,"") | X964: =IF(AND(H964=1,OR(LEFT(B964,1)="M",LEFT(B964,1)="E",LEFT(B964,1)="O",LEFT(B964,1)="C")),4,IF(AND(H964=1,OR(LEFT(B964,1)="H",LEFT(B964,1)="S")),3,"")) | Y964: =IF(U964=1,1,IF(AND(E964="LD1",U963=1),1,IF(AND(E964="FD1",U962=1),1,0))) -> 0 | AA964: =IF(X964<>"",1,"")
A965: NS | B965: ECSERI28n | C965: 24GE06S01 | D965: SRF | E965: RFS | F965: ECSERI28nA24 | G965: ER2411 | J965: 1 | K965: =IF(D965="INT",1,"") | L965: =IF(AND(LEFT(B965,1)="E",A965<>"E",RIGHT(B965,1)="M"),IF(AND(A965="w",D965="MID",E965="RFS"),1,IF(AND(A965="C",D965="5M",E965="RFS"),1,"")),IF(AND(RIGHT(B965,1)="M",D965="10M",E965="RFS"),1,"")) | M965: =IF(L965=1,1,"") | N965: =IF(M965=1,1,"") | O965: =IF(N965=1,1,"") | P965: =IF(O965=1,1,"") | Q965: =IF(AND(OR(D965="INT",D965="DCL"),OR(LEFT(B965,2)="SU",LEFT(B965,2)="HU",LEFT(B965,2)="MI",LEFT(B965,2)="CS",LEFT(B965,2)="ON")),2,IF(AND(OR(D965="INT",D965="DCL"),LEFT(B965,2)="ER"),1,"")) | R965: =IF(D965="benthos",1,"") | S965: =IF(D965="mysis",1,"") | T965: =IF(AND(OR(D965="d20",D965="d100"),LEFT(B965,2)="SU"),2,IF(OR(D965="D20",D965="d100"),1,"")) | U965: =IF(VLOOKUP(C965,'QA Table'!$Y$5:$Y$20,1,TRUE)=C965,1,0) -> 0 | V965: =IF(AND(D965="Sediment",RIGHT(C965,1)="8"),1,"") | W965: =IF(AND(D965="Sediment",RIGHT(C965,1)="9"),1,"") | X965: =IF(AND(H965=1,OR(LEFT(B965,1)="M",LEFT(B965,1)="E",LEFT(B965,1)="O",LEFT(B965,1)="C")),4,IF(AND(H965=1,OR(LEFT(B965,1)="H",LEFT(B965,1)="S")),3,"")) | Y965: =IF(U965=1,1,IF(AND(E965="LD1",U964=1),1,IF(AND(E965="FD1",U963=1),1,0))) -> 0 | AA965: =IF(X965<>"",1,"")
A966: NS | B966: ECSERI28n | C966: 24GE06S0A | D966: 5M | E966: RFS | F966: ECSERI28nA24 | G966: ER2411 | K966: =IF(D966="INT",1,"") | L966: =IF(AND(LEFT(B966,1)="E",A966<>"E",RIGHT(B966,1)="M"),IF(AND(A966="w",D966="MID",E966="RFS"),1,IF(AND(A966="C",D966="5M",E966="RFS"),1,"")),IF(AND(RIGHT(B966,1)="M",D966="10M",E966="RFS"),1,"")) | M966: =IF(L966=1,1,"") | N966: =IF(M966=1,1,"") | O966: =IF(N966=1,1,"") | P966: =IF(O966=1,1,"") | Q966: =IF(AND(OR(D966="INT",D966="DCL"),OR(LEFT(B966,2)="SU",LEFT(B966,2)="HU",LEFT(B966,2)="MI",LEFT(B966,2)="CS",LEFT(B966,2)="ON")),2,IF(AND(OR(D966="INT",D966="DCL"),LEFT(B966,2)="ER"),1,"")) | R966: =IF(D966="benthos",1,"") | S966: =IF(D966="mysis",1,"") | T966: =IF(AND(OR(D966="d20",D966="d100"),LEFT(B966,2)="SU"),2,IF(OR(D966="D20",D966="d100"),1,"")) | U966: =IF(VLOOKUP(C966,'QA Table'!$Y$5:$Y$20,1,TRUE)=C966,1,0) -> 0 | V966: =IF(AND(D966="Sediment",RIGHT(C966,1)="8"),1,"") | W966: =IF(AND(D966="Sediment",RIGHT(C966,1)="9"),1,"") | X966: =IF(AND(H966=1,OR(LEFT(B966,1)="M",LEFT(B966,1)="E",LEFT(B966,1)="O",LEFT(B966,1)="C")),4,IF(AND(H966=1,OR(LEFT(B966,1)="H",LEFT(B966,1)="S")),3,"")) | Y966: =IF(U966=1,1,IF(AND(E966="LD1",U965=1),1,IF(AND(E966="FD1",U964=1),1,0))) -> 0 | AA966: =IF(X966<>"",1,"")
A967: NS | B967: ECSERI28n | C967: 24GE06S0B | D967: 10M | E967: RFS | F967: ECSERI28nA24 | G967: ER2411 | K967: =IF(D967="INT",1,"") | L967: =IF(AND(LEFT(B967,1)="E",A967<>"E",RIGHT(B967,1)="M"),IF(AND(A967="w",D967="MID",E967="RFS"),1,IF(AND(A967="C",D967="5M",E967="RFS"),1,"")),IF(AND(RIGHT(B967,1)="M",D967="10M",E967="RFS"),1,"")) | M967: =IF(L967=1,1,"") | N967: =IF(M967=1,1,"") | O967: =IF(N967=1,1,"") | P967: =IF(O967=1,1,"") | Q967: =IF(AND(OR(D967="INT",D967="DCL"),OR(LEFT(B967,2)="SU",LEFT(B967,2)="HU",LEFT(B967,2)="MI",LEFT(B967,2)="CS",LEFT(B967,2)="ON")),2,IF(AND(OR(D967="INT",D967="DCL"),LEFT(B967,2)="ER"),1,"")) | R967: =IF(D967="benthos",1,"") | S967: =IF(D967="mysis",1,"") | T967: =IF(AND(OR(D967="d20",D967="d100"),LEFT(B967,2)="SU"),2,IF(OR(D967="D20",D967="d100"),1,"")) | U967: =IF(VLOOKUP(C967,'QA Table'!$Y$5:$Y$20,1,TRUE)=C967,1,0) -> 0 | V967: =IF(AND(D967="Sediment",RIGHT(C967,1)="8"),1,"") | W967: =IF(AND(D967="Sediment",RIGHT(C967,1)="9"),1,"") | X967: =IF(AND(H967=1,OR(LEFT(B967,1)="M",LEFT(B967,1)="E",LEFT(B967,1)="O",LEFT(B967,1)="C")),4,IF(AND(H967=1,OR(LEFT(B967,1)="H",LEFT(B967,1)="S")),3,"")) | Y967: =IF(U967=1,1,IF(AND(E967="LD1",U966=1),1,IF(AND(E967="FD1",U965=1),1,0))) -> 0 | AA967: =IF(X967<>"",1,"")
A968: NS | B968: ECSERI28n | C968: 24GE06S0C | D968: 20M | E968: RFS | F968: ECSERI28nA24 | G968: ER2411 | K968: =IF(D968="INT",1,"") | L968: =IF(AND(LEFT(B968,1)="E",A968<>"E",RIGHT(B968,1)="M"),IF(AND(A968="w",D968="MID",E968="RFS"),1,IF(AND(A968="C",D968="5M",E968="RFS"),1,"")),IF(AND(RIGHT(B968,1)="M",D968="10M",E968="RFS"),1,"")) | M968: =IF(L968=1,1,"") | N968: =IF(M968=1,1,"") | O968: =IF(N968=1,1,"") | P968: =IF(O968=1,1,"") | Q968: =IF(AND(OR(D968="INT",D968="DCL"),OR(LEFT(B968,2)="SU",LEFT(B968,2)="HU",LEFT(B968,2)="MI",LEFT(B968,2)="CS",LEFT(B968,2)="ON")),2,IF(AND(OR(D968="INT",D968="DCL"),LEFT(B968,2)="ER"),1,"")) | R968: =IF(D968="benthos",1,"") | S968: =IF(D968="mysis",1,"") | T968: =IF(AND(OR(D968="d20",D968="d100"),LEFT(B968,2)="SU"),2,IF(OR(D968="D20",D968="d100"),1,"")) | U968: =IF(VLOOKUP(C968,'QA Table'!$Y$5:$Y$20,1,TRUE)=C968,1,0) -> 0 | V968: =IF(AND(D968="Sediment",RIGHT(C968,1)="8"),1,"") | W968: =IF(AND(D968="Sediment",RIGHT(C968,1)="9"),1,"") | X968: =IF(AND(H968=1,OR(LEFT(B968,1)="M",LEFT(B968,1)="E",LEFT(B968,1)="O",LEFT(B968,1)="C")),4,IF(AND(H968=1,OR(LEFT(B968,1)="H",LEFT(B968,1)="S")),3,"")) | Y968: =IF(U968=1,1,IF(AND(E968="LD1",U967=1),1,IF(AND(E968="FD1",U966=1),1,0))) -> 0 | AA968: =IF(X968<>"",1,"")
A969: NS | B969: ECSERI28n | C969: 24GE06I12 | D969: INT | E969: RFS | F969: ECSERI28nA24 | G969: ER2411 | H969: 1 | K969: =IF(D969="INT",1,"") -> 1 | L969: =IF(AND(LEFT(B969,1)="E",A969<>"E",RIGHT(B969,1)="M"),IF(AND(A969="w",D969="MID",E969="RFS"),1,IF(AND(A969="C",D969="5M",E969="RFS"),1,"")),IF(AND(RIGHT(B969,1)="M",D969="10M",E969="RFS"),1,"")) | M969: =IF(L969=1,1,"") | N969: =IF(M969=1,1,"") | O969: =IF(N969=1,1,"") | P969: =IF(O969=1,1,"") | Q969: 1 | R969: =IF(D969="benthos",1,"") | S969: =IF(D969="mysis",1,"") | T969: =IF(AND(OR(D969="d20",D969="d100"),LEFT(B969,2)="SU"),2,IF(OR(D969="D20",D969="d100"),1,"")) | U969: =IF(VLOOKUP(C969,'QA Table'!$Y$5:$Y$20,1,TRUE)=C969,1,0) -> 0 | V969: =IF(AND(D969="Sediment",RIGHT(C969,1)="8"),1,"") | W969: =IF(AND(D969="Sediment",RIGHT(C969,1)="9"),1,"") | X969: =IF(AND(H969=1,OR(LEFT(B969,1)="M",LEFT(B969,1)="E",LEFT(B969,1)="O",LEFT(B969,1)="C")),4,IF(AND(H969=1,OR(LEFT(B969,1)="H",LEFT(B969,1)="S")),3,"")) -> 4 | Y969: =IF(U969=1,1,IF(AND(E969="LD1",U968=1),1,IF(AND(E969="FD1",U967=1),1,0))) -> 0 | AA969: =IF(X969<>"",1,"") -> 1
A970: NS | B970: ECSERI28n | C970: 24GE06I14 | D970: D20 | E970: RFS | F970: ECSERI28nA24 | G970: ER2411 | K970: =IF(D970="INT",1,"") | L970: =IF(AND(LEFT(B970,1)="E",A970<>"E",RIGHT(B970,1)="M"),IF(AND(A970="w",D970="MID",E970="RFS"),1,IF(AND(A970="C",D970="5M",E970="RFS"),1,"")),IF(AND(RIGHT(B970,1)="M",D970="10M",E970="RFS"),1,"")) | M970: =IF(L970=1,1,"") | N970: =IF(M970=1,1,"") | O970: =IF(N970=1,1,"") | P970: =IF(O970=1,1,"") | R970: =IF(D970="benthos",1,"") | S970: =IF(D970="mysis",1,"") | T970: =IF(AND(OR(D970="d20",D970="d100"),LEFT(B970,2)="SU"),2,IF(OR(D970="D20",D970="d100"),1,"")) -> 1 | U970: =IF(VLOOKUP(C970,'QA Table'!$Y$5:$Y$20,1,TRUE)=C970,1,0) -> 0 | V970: =IF(AND(D970="Sediment",RIGHT(C970,1)="8"),1,"") | W970: =IF(AND(D970="Sediment",RIGHT(C970,1)="9"),1,"") | X970: =IF(AND(H970=1,OR(LEFT(B970,1)="M",LEFT(B970,1)="E",LEFT(B970,1)="O",LEFT(B970,1)="C")),4,IF(AND(H970=1,OR(LEFT(B970,1)="H",LEFT(B970,1)="S")),3,"")) | Y970: =IF(U970=1,1,IF(AND(E970="LD1",U969=1),1,IF(AND(E970="FD1",U968=1),1,0))) -> 0 | AA970: =IF(X970<>"",1,"")
A971: NS | B971: ECSERN22n | C971: 24GE06S21 | D971: SRF | E971: RFS | F971: ECSERN22nA24 | G971: ER2411 | J971: 1 | K971: =IF(D971="INT",1,"") | L971: =IF(AND(LEFT(B971,1)="E",A971<>"E",RIGHT(B971,1)="M"),IF(AND(A971="w",D971="MID",E971="RFS"),1,IF(AND(A971="C",D971="5M",E971="RFS"),1,"")),IF(AND(RIGHT(B971,1)="M",D971="10M",E971="RFS"),1,"")) | M971: =IF(L971=1,1,"") | N971: =IF(M971=1,1,"") | O971: =IF(N971=1,1,"") | P971: =IF(O971=1,1,"") | Q971: =IF(AND(OR(D971="INT",D971="DCL"),OR(LEFT(B971,2)="SU",LEFT(B971,2)="HU",LEFT(B971,2)="MI",LEFT(B971,2)="CS",LEFT(B971,2)="ON")),2,IF(AND(OR(D971="INT",D971="DCL"),LEFT(B971,2)="ER"),1,"")) | R971: =IF(D971="benthos",1,"") | S971: =IF(D971="mysis",1,"") | T971: =IF(AND(OR(D971="d20",D971="d100"),LEFT(B971,2)="SU"),2,IF(OR(D971="D20",D971="d100"),1,"")) | U971: =IF(VLOOKUP(C971,'QA Table'!$Y$5:$Y$20,1,TRUE)=C971,1,0) -> 0 | V971: =IF(AND(D971="Sediment",RIGHT(C971,1)="8"),1,"") | W971: =IF(AND(D971="Sediment",RIGHT(C971,1)="9"),1,"") | X971: =IF(AND(H971=1,OR(LEFT(B971,1)="M",LEFT(B971,1)="E",LEFT(B971,1)="O",LEFT(B971,1)="C")),4,IF(AND(H971=1,OR(LEFT(B971,1)="H",LEFT(B971,1)="S")),3,"")) | Y971: =IF(U971=1,1,IF(AND(E971="LD1",U970=1),1,IF(AND(E971="FD1",U969=1),1,0))) -> 0 | AA971: =IF(X971<>"",1,"")
A972: NS | B972: ECSERN22n | C972: 24GE06S2A | D972: 5M | E972: RFS | F972: ECSERN22nA24 | G972: ER2411 | K972: =IF(D972="INT",1,"") | L972: =IF(AND(LEFT(B972,1)="E",A972<>"E",RIGHT(B972,1)="M"),IF(AND(A972="w",D972="MID",E972="RFS"),1,IF(AND(A972="C",D972="5M",E972="RFS"),1,"")),IF(AND(RIGHT(B972,1)="M",D972="10M",E972="RFS"),1,"")) | M972: =IF(L972=1,1,"") | N972: =IF(M972=1,1,"") | O972: =IF(N972=1,1,"") | P972: =IF(O972=1,1,"") | Q972: =IF(AND(OR(D972="INT",D972="DCL"),OR(LEFT(B972,2)="SU",LEFT(B972,2)="HU",LEFT(B972,2)="MI",LEFT(B972,2)="CS",LEFT(B972,2)="ON")),2,IF(AND(OR(D972="INT",D972="DCL"),LEFT(B972,2)="ER"),1,"")) | R972: =IF(D972="benthos",1,"") | S972: =IF(D972="mysis",1,"") | T972: =IF(AND(OR(D972="d20",D972="d100"),LEFT(B972,2)="SU"),2,IF(OR(D972="D20",D972="d100"),1,"")) | U972: =IF(VLOOKUP(C972,'QA Table'!$Y$5:$Y$20,1,TRUE)=C972,1,0) -> 0 | V972: =IF(AND(D972="Sediment",RIGHT(C972,1)="8"),1,"") | W972: =IF(AND(D972="Sediment",RIGHT(C972,1)="9"),1,"") | X972: =IF(AND(H972=1,OR(LEFT(B972,1)="M",LEFT(B972,1)="E",LEFT(B972,1)="O",LEFT(B972,1)="C")),4,IF(AND(H972=1,OR(LEFT(B972,1)="H",LEFT(B972,1)="S")),3,"")) | Y972: =IF(U972=1,1,IF(AND(E972="LD1",U971=1),1,IF(AND(E972="FD1",U970=1),1,0))) -> 0 | AA972: =IF(X972<>"",1,"")
A973: NS | B973: ECSERN22n | C973: 24GE06S2B | D973: 10M | E973: RFS | F973: ECSERN22nA24 | G973: ER2411 | K973: =IF(D973="INT",1,"") | L973: =IF(AND(LEFT(B973,1)="E",A973<>"E",RIGHT(B973,1)="M"),IF(AND(A973="w",D973="MID",E973="RFS"),1,IF(AND(A973="C",D973="5M",E973="RFS"),1,"")),IF(AND(RIGHT(B973,1)="M",D973="10M",E973="RFS"),1,"")) | M973: =IF(L973=1,1,"") | N973: =IF(M973=1,1,"") | O973: =IF(N973=1,1,"") | P973: =IF(O973=1,1,"") | Q973: =IF(AND(OR(D973="INT",D973="DCL"),OR(LEFT(B973,2)="SU",LEFT(B973,2)="HU",LEFT(B973,2)="MI",LEFT(B973,2)="CS",LEFT(B973,2)="ON")),2,IF(AND(OR(D973="INT",D973="DCL"),LEFT(B973,2)="ER"),1,"")) | R973: =IF(D973="benthos",1,"") | S973: =IF(D973="mysis",1,"") | T973: =IF(AND(OR(D973="d20",D973="d100"),LEFT(B973,2)="SU"),2,IF(OR(D973="D20",D973="d100"),1,"")) | U973: =IF(VLOOKUP(C973,'QA Table'!$Y$5:$Y$20,1,TRUE)=C973,1,0) -> 0 | V973: =IF(AND(D973="Sediment",RIGHT(C973,1)="8"),1,"") | W973: =IF(AND(D973="Sediment",RIGHT(C973,1)="9"),1,"") | X973: =IF(AND(H973=1,OR(LEFT(B973,1)="M",LEFT(B973,1)="E",LEFT(B973,1)="O",LEFT(B973,1)="C")),4,IF(AND(H973=1,OR(LEFT(B973,1)="H",LEFT(B973,1)="S")),3,"")) | Y973: =IF(U973=1,1,IF(AND(E973="LD1",U972=1),1,IF(AND(E973="FD1",U971=1),1,0))) -> 0 | AA973: =IF(X973<>"",1,"")
A974: NS | B974: ECSERN22n | C974: 24GE06S2C | D974: 20M | E974: RFS | F974: ECSERN22nA24 | G974: ER2411 | K974: =IF(D974="INT",1,"") | L974: =IF(AND(LEFT(B974,1)="E",A974<>"E",RIGHT(B974,1)="M"),IF(AND(A974="w",D974="MID",E974="RFS"),1,IF(AND(A974="C",D974="5M",E974="RFS"),1,"")),IF(AND(RIGHT(B974,1)="M",D974="10M",E974="RFS"),1,"")) | M974: =IF(L974=1,1,"") | N974: =IF(M974=1,1,"") | O974: =IF(N974=1,1,"") | P974: =IF(O974=1,1,"") | Q974: =IF(AND(OR(D974="INT",D974="DCL"),OR(LEFT(B974,2)="SU",LEFT(B974,2)="HU",LEFT(B974,2)="MI",LEFT(B974,2)="CS",LEFT(B974,2)="ON")),2,IF(AND(OR(D974="INT",D974="DCL"),LEFT(B974,2)="ER"),1,"")) | R974: =IF(D974="benthos",1,"") | S974: =IF(D974="mysis",1,"") | T974: =IF(AND(OR(D974="d20",D974="d100"),LEFT(B974,2)="SU"),2,IF(OR(D974="D20",D974="d100"),1,"")) | U974: =IF(VLOOKUP(C974,'QA Table'!$Y$5:$Y$20,1,TRUE)=C974,1,0) -> 0 | V974: =IF(AND(D974="Sediment",RIGHT(C974,1)="8"),1,"") | W974: =IF(AND(D974="Sediment",RIGHT(C974,1)="9"),1,"") | X974: =IF(AND(H974=1,OR(LEFT(B974,1)="M",LEFT(B974,1)="E",LEFT(B974,1)="O",LEFT(B974,1)="C")),4,IF(AND(H974=1,OR(LEFT(B974,1)="H",LEFT(B974,1)="S")),3,"")) | Y974: =IF(U974=1,1,IF(AND(E974="LD1",U973=1),1,IF(AND(E974="FD1",U972=1),1,0))) -> 0 | AA974: =IF(X974<>"",1,"")
A975: NS | B975: ECSERN22n | C975: 24GE06I32 | D975: INT | E975: RFS | F975: ECSERN22nA24 | G975: ER2411 | H975: 1 | K975: =IF(D975="INT",1,"") -> 1 | L975: =IF(AND(LEFT(B975,1)="E",A975<>"E",RIGHT(B975,1)="M"),IF(AND(A975="w",D975="MID",E975="RFS"),1,IF(AND(A975="C",D975="5M",E975="RFS"),1,"")),IF(AND(RIGHT(B975,1)="M",D975="10M",E975="RFS"),1,"")) | M975: =IF(L975=1,1,"") | N975: =IF(M975=1,1,"") | O975: =IF(N975=1,1,"") | P975: =IF(O975=1,1,"") | Q975: 1 | R975: =IF(D975="benthos",1,"") | S975: =IF(D975="mysis",1,"") | T975: =IF(AND(OR(D975="d20",D975="d100"),LEFT(B975,2)="SU"),2,IF(OR(D975="D20",D975="d100"),1,"")) | U975: =IF(VLOOKUP(C975,'QA Table'!$Y$5:$Y$20,1,TRUE)=C975,1,0) -> 0 | V975: =IF(AND(D975="Sediment",RIGHT(C975,1)="8"),1,"") | W975: =IF(AND(D975="Sediment",RIGHT(C975,1)="9"),1,"") | X975: =IF(AND(H975=1,OR(LEFT(B975,1)="M",LEFT(B975,1)="E",LEFT(B975,1)="O",LEFT(B975,1)="C")),4,IF(AND(H975=1,OR(LEFT(B975,1)="H",LEFT(B975,1)="S")),3,"")) -> 4 | Y975: =IF(U975=1,1,IF(AND(E975="LD1",U974=1),1,IF(AND(E975="FD1",U973=1),1,0))) -> 0 | AA975: =IF(X975<>"",1,"") -> 1
A976: NS | B976: ECSERN22n | C976: 24GE06I34 | D976: D20 | E976: RFS | F976: ECSERN22nA24 | G976: ER2411 | K976: =IF(D976="INT",1,"") | L976: =IF(AND(LEFT(B976,1)="E",A976<>"E",RIGHT(B976,1)="M"),IF(AND(A976="w",D976="MID",E976="RFS"),1,IF(AND(A976="C",D976="5M",E976="RFS"),1,"")),IF(AND(RIGHT(B976,1)="M",D976="10M",E976="RFS"),1,"")) | M976: =IF(L976=1,1,"") | N976: =IF(M976=1,1,"") | O976: =IF(N976=1,1,"") | P976: =IF(O976=1,1,"") | R976: =IF(D976="benthos",1,"") | S976: =IF(D976="mysis",1,"") | T976: =IF(AND(OR(D976="d20",D976="d100"),LEFT(B976,2)="SU"),2,IF(OR(D976="D20",D976="d100"),1,"")) -> 1 | U976: =IF(VLOOKUP(C976,'QA Table'!$Y$5:$Y$20,1,TRUE)=C976,1,0) -> 0 | V976: =IF(AND(D976="Sediment",RIGHT(C976,1)="8"),1,"") | W976: =IF(AND(D976="Sediment",RIGHT(C976,1)="9"),1,"") | X976: =IF(AND(H976=1,OR(LEFT(B976,1)="M",LEFT(B976,1)="E",LEFT(B976,1)="O",LEFT(B976,1)="C")),4,IF(AND(H976=1,OR(LEFT(B976,1)="H",LEFT(B976,1)="S")),3,"")) | Y976: =IF(U976=1,1,IF(AND(E976="LD1",U975=1),1,IF(AND(E976="FD1",U974=1),1,0))) -> 0 | AA976: =IF(X976<>"",1,"")
A977: S | B977: MI 18M | C977: 24GM00R40 | D977: SYN | E977: FRB | F977: M18MA24 | G977: MI2411 | P977: 1
A978: C | B978: MI 27M | C978: 24GM01C03 | D978: 10M | E978: LDn | F978: M27MA24 | G978: MI2411 | P978: 1
A979: N | B979: MI 41M | C979: 24GM01T83 | D979: 10M | E979: LDn | F979: M41MA24 | G979: MI2411 | P979: 1
A980: S | B980: HU 15M | C980: 24GH00R60 | D980: SYN | E980: FRB | F980: H15MA24 | G980: HU2411 | P980: 1
A981: N | B981: HU 45M | C981: 24GH01C83 | D981: 10M | E981: LDn | F981: H45MA24 | G981: HU2411 | P981: 1
A982: N | B982: HU 54M | C982: 24GH02T43 | D982: 10M | E982: LDn | F982: H54MA24 | G982: HU2411 | P982: 1
A983: E | B983: ER 15M | C983: 24GE00R00 | D983: SYN | E983: FRB | F983: E15MA24 | G983: ER2411 | P983: 1
A984: C | B984: ER 78M | C984: 24GE02C02 | D984: 5M | E984: LDn | F984: E78MA24 | G984: ER2411 | P984: 1
A985: W | B985: ER 91M | C985: 24GE03T63 | D985: MID | E985: LDn | F985: E91MA24 | G985: ER2411 | P985: 1
A986: E | B986: ON 55M | C986: 24GO00R20 | D986: SYN | E986: FRB | F986: O55MA24 | G986: ON2411 | P986: 1
...

Sheet Particulates
A1: Basin | B1: Station ID | C1: Sample ID | D1: Depth Code | E1: QC Type | F1: Visit ID | G1: Survey ID
A2: S | B2: MI 18M | C2: 24GM00S43 | D2: 10M | E2: RFS | F2: M18MA24 | G2: MI2411
A3: =A2 -> S | B3: =B2 -> MI 18M | C3: =CONCATENATE(LEFT(C2,6),"R",MID(C2,8,1),0) -> 24GM00R40 | D3: SYN | E3: FRB | F3: =F2 -> M18MA24 | G3: =G2 -> MI2411
A4: C | B4: MI 27M | C4: 24GM01S03 | D4: 10M | E4: RFS | F4: M27MA24 | G4: MI2411
A5: =A4 -> C | B5: =B4 -> MI 27M | C5: =CONCATENATE(LEFT(C4,6),"C",RIGHT(C4,2)) -> 24GM01C03 | D5: 10M | E5: LDn | F5: =F4 -> M27MA24 | G5: =G4 -> MI2411
A6: N | B6: MI 41M | C6: 24GM01S83 | D6: 10M | E6: RFS | F6: M41MA24 | G6: MI2411
A7: =A6 -> N | B7: =B6 -> MI 41M | C7: =CONCATENATE(LEFT(C6,6),"T",RIGHT(C6,2)) -> 24GM01T83 | D7: 10M | E7: LDn | F7: =F6 -> M41MA24 | G7: =G6 -> MI2411
A8: S | B8: HU 15M | C8: 24GH00S63 | D8: 10M | E8: RFS | F8: H15MA24 | G8: HU2411
A9: =A8 -> S | B9: =B8 -> HU 15M | C9: =CONCATENATE(LEFT(C8,6),"R",MID(C8,8,1),0) -> 24GH00R60 | D9: SYN | E9: FRB | F9: =F8 -> H15MA24 | G9: =G8 -> HU2411
A10: N | B10: HU 45M | C10: 24GH01S83 | D10: 10M | E10: RFS | F10: H45MA24 | G10: HU2411
A11: =A10 -> N | B11: =B10 -> HU 45M | C11: =CONCATENATE(LEFT(C10,6),"C",RIGHT(C10,2)) -> 24GH01C83 | D11: 10M | E11: LDn | F11: =F10 -> H45MA24 | G11: =G10 -> HU2411
A12: N | B12: HU 54M | C12: 24GH02S43 | D12: 10M | E12: RFS | F12: H54MA24 | G12: HU2411
A13: =A12 -> N | B13: =B12 -> HU 54M | C13: =CONCATENATE(LEFT(C12,6),"T",RIGHT(C12,2)) -> 24GH02T43 | D13: 10M | E13: LDn | F13: =F12 -> H54MA24 | G13: =G12 -> HU2411
A14: E | B14: ER 15M | C14: 24GE00S03 | D14: 10M | E14: RFS | F14: E15MA24 | G14: ER2411
A15: =A14 -> E | B15: =B14 -> ER 15M | C15: =CONCATENATE(LEFT(C14,6),"R",MID(C14,8,1),0) -> 24GE00R00 | D15: SYN | E15: FRB | F15: =F14 -> E15MA24 | G15: =G14 -> ER2411
A16: C | B16: ER 78M | C16: 24GE02S02 | D16: 5M | E16: RFS | F16: E78MA24 | G16: ER2411
A17: =A16 -> C | B17: =B16 -> ER 78M | C17: =CONCATENATE(LEFT(C16,6),"C",RIGHT(C16,2)) -> 24GE02C02 | D17: 5M | E17: LDn | F17: =F16 -> E78MA24 | G17: =G16 -> ER2411
A18: W | B18: ER 91M | C18: 24GE03S63 | D18: MID | E18: RFS | F18: E91MA24 | G18: ER2411
A19: =A18 -> W | B19: =B18 -> ER 91M | C19: =CONCATENATE(LEFT(C18,6),"T",RIGHT(C18,2)) -> 24GE03T63 | D19: MID | E19: LDn | F19: =F18 -> E91MA24 | G19: =G18 -> ER2411
A20: E | B20: ON 55M | C20: 24GO00S23 | D20: 10M | E20: RFS | F20: O55MA24 | G20: ON2411
A21: =A20 -> E | B21: =B20 -> ON 55M | C21: =CONCATENATE(LEFT(C20,6),"T",RIGHT(C20,2)) -> 24GO00T23 | D21: 10M | E21: LDn | F21: =F20 -> O55MA24 | G21: =G20 -> ON2411
A22: =A20 -> E | B22: =B20 -> ON 55M | C22: =CONCATENATE(LEFT(C20,6),"R",MID(C20,8,1),0) -> 24GO00R20 | D22: SYN | E22: FRB | F22: =F20 -> O55MA24 | G22: =G20 -> ON2411
A23: W | B23: ON 33M | C23: 24GO01S23 | D23: 10M | E23: RFS | F23: O33MA24 | G23: ON2411
A24: =A23 -> W | B24: =B23 -> ON 33M | C24: =CONCATENATE(LEFT(C23,6),"C",RIGHT(C23,2)) -> 24GO01C23 | D24: 10M | E24: LDn | F24: =F23 -> O33MA24 | G24: =G23 -> ON2411
A25: E | B25: SU 01M | C25: 24GS00S03 | D25: 10M | E25: RFS | F25: S01MA24 | G25: SU2411
A26: =A25 -> E | B26: =B25 -> SU 01M | C26: =CONCATENATE(LEFT(C25,6),"R",MID(C25,8,1),0) -> 24GS00R00 | D26: SYN | E26: FRB | F26: =F25 -> S01MA24 | G26: =G25 -> SU2411
A27: C | B27: SU 08M | C27: 24GS01S43 | D27: 10M | E27: RFS | F27: S08MA24 | G27: SU2411
A28: =A27 -> C | B28: =B27 -> SU 08M | C28: =CONCATENATE(LEFT(C27,6),"C",RIGHT(C27,2)) -> 24GS01C43 | D28: 10M | E28: LDn | F28: =F27 -> S08MA24 | G28: =G27 -> SU2411
A29: W | B29: SU 17M | C29: 24GS03S23 | D29: 10M | E29: RFS | F29: S17MA24 | G29: SU2411
A30: =A29 -> W | B30: =B29 -> SU 17M | C30: =CONCATENATE(LEFT(C29,6),"T",RIGHT(C29,2)) -> 24GS03T23 | D30: 10M | E30: LDn | F30: =F29 -> S17MA24 | G30: =G29 -> SU2411

Sheet Sediment
A1: Grain Size Analysis | I1: Nutrients Carbon, Nitrogen and Phosphorous
A2: Basin | B2: Station ID | C2: Sample ID | D2: Depth Code | E2: QC Type | F2: Visit ID | G2: Survey ID | I2: Basin | J2: Station ID | K2: Sample ID | L2: Depth Code | M2: QC Type | N2: Visit ID | O2: Survey ID
A3: S | B3: HU 98b | C3: 24GH02S98 | D3: Sediment | E3: RFS | F3: H98bA24 | G3: HU2411 | I3: S | J3: HU 98b | K3: 24GH02S99 | L3: Sediment | M3: RFS | N3: H98bA24 | O3: HU2411
A4: W | B4: ER 61 | C4: 24GE03S58 | D4: Sediment | E4: RFS | F4: E061A24 | G4: ER2411 | I4: W | J4: ER 61 | K4: 24GE03S59 | L4: Sediment | M4: RFS | N4: E061A24 | O4: ER2411
A5: W | B5: ER 61 | C5: 24GE03D58 | D5: Sediment | E5: FDn | F5: E061A24 | G5: ER2411 | I5: W | J5: ER 61 | K5: 24GE03D59 | L5: Sediment | M5: FDn | N5: E061A24 | O5: ER2411
A6: W | B6: ER 91M | C6: 24GE03S78 | D6: Sediment | E6: RFS | F6: E91MA24 | G6: ER2411 | I6: W | J6: ER 91M | K6: 24GE03S79 | L6: Sediment | M6: RFS | N6: E91MA24 | O6: ER2411
A7: W | B7: ER 91M | C7: 24GE03C78 | D7: Sediment | E7: LDn | F7: E91MA24 | G7: ER2411 | I7: W | J7: ER 91M | K7: 24GE03C79 | L7: Sediment | M7: LDn | N7: E91MA24 | O7: ER2411

Sheet Mysis
A1: Basin | B1: Station ID | C1: Sample ID | D1: Depth Code | E1: QC Type | F1: Visit ID | G1: Survey ID
A2: S | B2: MI 11 | C2: 24GM00S17 | D2: Mysis | E2: RFS | F2: M011A24 | G2: MI2411
A3: S | B3: MI 11 | C3: 24GM00D17 | D3: Mysis | E3: FD1 | F3: M011A24 | G3: MI2411
A4: S | B4: MI 17 | C4: 24GM00S37 | D4: Mysis | E4: RFS | F4: M017A24 | G4: MI2411
A5: S | B5: MI 17 | C5: 24GM00D37 | D5: Mysis | E5: FD1 | F5: M017A24 | G5: MI2411
A6: S | B6: MI 18M | C6: 24GM00S57 | D6: Mysis | E6: RFS | F6: M18MA24 | G6: MI2411
A7: S | B7: MI 18M | C7: 24GM00D57 | D7: Mysis | E7: FD1 | F7: M18MA24 | G7: MI2411
A8: S | B8: MI 19 | C8: 24GM00S77 | D8: Mysis | E8: RFS | F8: M019A24 | G8: MI2411
A9: S | B9: MI 19 | C9: 24GM00D77 | D9: Mysis | E9: FD1 | F9: M019A24 | G9: MI2411
A10: S | B10: MI 23 | C10: 24GM00S97 | D10: Mysis | E10: RFS | F10: M023A24 | G10: MI2411
A11: S | B11: MI 23 | C11: 24GM00D97 | D11: Mysis | E11: FD1 | F11: M023A24 | G11: MI2411
A12: C | B12: MI 27M | C12: 24GM01S17 | D12: Mysis | E12: RFS | F12: M27MA24 | G12: MI2411
... A113: W | B113: SU 19 | C113: 24GS03D77 | D113: Mysis | E113: FD1 | F113: S019A24 | G113: SU2411

Sheet Zooplankton
A1: Basin | B1: Station ID | C1: Sample ID | D1: Depth Code | E1: QC Type | F1: Visit ID | G1: Survey ID | H1: Net Mesh Size (µm) | I1: QC Type
A2: S | B2: MI 11 | C2: 24GM00I13 | D2: D100 | E2: RFS | F2: M011A24 | G2: MI2411 | H2: =IF(RIGHT(C2,1)="4",63,153) -> 153 | I2: =MID(C2,7,1) -> I
A3: S | B3: MI 11 | C3: 24GM00I14 | D3: D20 | E3: RFS | F3: M011A24 | G3: MI2411 | H3: =IF(RIGHT(C3,1)="4",63,153) -> 63 | I3: =MID(C3,7,1) -> I
A4: S | B4: MI 17 | C4: 24GM00I33 | D4: D100 | E4: RFS | F4: M017A24 | G4: MI2411 | H4: =IF(RIGHT(C4,1)="4",63,153) -> 153 | I4: =MID(C4,7,1) -> I
A5: S | B5: MI 17 | C5: 24GM00I34 | D5: D20 | E5: RFS | F5: M017A24 | G5: MI2411 | H5: =IF(RIGHT(C5,1)="4",63,153) -> 63 | I5: =MID(C5,7,1) -> I
A6: S | B6: MI 18M | C6: 24GM00I53 | D6: D100 | E6: RFS | F6: M18MA24 | G6: MI2411 | H6: =IF(RIGHT(C6,1)="4",63,153) -> 153 | I6: =MID(C6,7,1) -> I
A7: S | B7: MI 18M | C7: 24GM00I54 | D7: D20 | E7: RFS | F7: M18MA24 | G7: MI2411 | H7: =IF(RIGHT(C7,1)="4",63,153) -> 63 | I7: =MID(C7,7,1) -> I
A8: S | B8: MI 19 | C8: 24GM00I73 | D8: D100 | E8: RFS | F8: M019A24 | G8: MI2411 | H8: =IF(RIGHT(C8,1)="4",63,153) -> 153 | I8: =MID(C8,7,1) -> I
A9: S | B9: MI 19 | C9: 24GM00I74 | D9: D20 | E9: RFS | F9: M019A24 | G9: MI2411 | H9: =IF(RIGHT(C9,1)="4",63,153) -> 63 | I9: =MID(C9,7,1) -> I
A10: S | B10: MI 23 | C10: 24GM00I93 | D10: D100 | E10: RFS | F10: M023A24 | G10: MI2411 | H10: =IF(RIGHT(C10,1)="4",63,153) -> 153 | I10: =MID(C10,7,1) -> I
A11: S | B11: MI 23 | C11: 24GM00I94 | D11: D20 | E11: RFS | F11: M023A24 | G11: MI2411 | H11: =IF(RIGHT(C11,1)="4",63,153) -> 63 | I11: =MID(C11,7,1) -> I
A12: C | B12: MI 27M | C12: 24GM01I13 | D12: D100 | E12: RFS | F12: M27MA24 | G12: MI2411 | H12: =IF(RIGHT(C12,1)="4",63,153) -> 153 | I12: =MID(C12,7,1) -> I
A13: C | B13: MI 27M | C13: 24GM01I14 | D13: D20 | E13: RFS | F13: M27MA24 | G13: MI2411 | H13: =IF(RIGHT(C13,1)="4",63,153) -> 63 | I13: =MID(C13,7,1) -> I
... A166: NS | B166: ECSERN22n | C166: 24GE06I34 | D166: D20 | E166: RFS | F166: ECSERN22nA24 | G166: ER2411 | H166: =IF(RIGHT(C166,1)="4",63,153) -> 63 | I166: =MID(C166,7,1) -> I

Sheet Phytoplankton
A1: Basin | B1: Station ID | C1: Sample ID | D1: Depth Code | E1: QC Type | F1: Visit ID | G1: Survey ID | H1: # bottles
A2: S | B2: MI 11 | C2: 24GM00I12 | D2: INT | E2: RFS | F2: M011A24 | G2: MI2411 | H2: 2
A3: S | B3: MI 17 | C3: 24GM00I32 | D3: INT | E3: RFS | F3: M017A24 | G3: MI2411 | H3: 2
A4: S | B4: MI 18M | C4: 24GM00I52 | D4: INT | E4: RFS | F4: M18MA24 | G4: MI2411 | H4: 2
A5: S | B5: MI 19 | C5: 24GM00I72 | D5: INT | E5: RFS | F5: M019A24 | G5: MI2411 | H5: 2
A6: S | B6: MI 23 | C6: 24GM00I92 | D6: INT | E6: RFS | F6: M023A24 | G6: MI2411 | H6: 2
A7: C | B7: MI 27M | C7: 24GM01I12 | D7: INT | E7: RFS | F7: M27MA24 | G7: MI2411 | H7: 2
A8: C | B8: MI 32 | C8: 24GM01I32 | D8: INT | E8: RFS | F8: M032A24 | G8: MI2411 | H8: 2
A9: C | B9: MI 34 | C9: 24GM01I52 | D9: INT | E9: RFS | F9: M034A24 | G9: MI2411 | H9: 2
A10: N | B10: MI 40 | C10: 24GM01I72 | D10: INT | E10: RFS | F10: M040A24 | G10: MI2411 | H10: 2
A11: N | B11: MI 41M | C11: 24GM01I92 | D11: INT | E11: RFS | F11: M41MA24 | G11: MI2411 | H11: 2
A12: N | B12: MI 47 | C12: 24GM02I12 | D12: INT | E12: RFS | F12: M047A24 | G12: MI2411 | H12: 2
A13: S | B13: HU 06 | C13: 24GH00I12 | D13: INT | E13: RFS | F13: H006A24 | G13: HU2411 | H13: 2
... A85: NS | B85: ECSERN22n | C85: 24GE06I32 | D85: INT | E85: RFS | F85: ECSERN22nA24 | G85: ER2411 | H85: 1

Sheet Dissolved Oxygen
A1: Basin | B1: Station ID | C1: Sample ID | D1: Depth Code | E1: QC Type | F1: Visit ID | G1: Survey ID
A2: S | B2: MI 18M | C2: 24GM00S47 | D2: 50M | E2: RFS | F2: M18MA24 | G2: MI2411
A3: =A2 -> S | B3: =B2 -> MI 18M | C3: =CONCATENATE(LEFT(C2,6),"C",RIGHT(C2,2)) -> 24GM00C47 | D3: =D2 -> 50M | E3: LD1 | F3: =F2 -> M18MA24 | G3: =G2 -> MI2411
A4: =A3 -> S | B4: =B3 -> MI 18M | C4: =CONCATENATE(LEFT(C3,6),"D",RIGHT(C3,2)) -> 24GM00D47 | D4: =D3 -> 50M | E4: FD1 | F4: =F3 -> M18MA24 | G4: =G3 -> MI2411
A5: C | B5: MI 27M | C5: 24GM01S01 | D5: SRF | E5: RFS | F5: M27MA24 | G5: MI2411
A6: =A5 -> C | B6: =B5 -> MI 27M | C6: =CONCATENATE(LEFT(C5,6),"C",RIGHT(C5,2)) -> 24GM01C01 | D6: =D5 -> SRF | E6: LD1 | F6: =F5 -> M27MA24 | G6: =G5 -> MI2411
A7: =A6 -> C | B7: =B6 -> MI 27M | C7: =CONCATENATE(LEFT(C6,6),"D",RIGHT(C6,2)) -> 24GM01D01 | D7: =D6 -> SRF | E7: FD1 | F7: =F6 -> M27MA24 | G7: =G6 -> MI2411
A8: N | B8: MI 40 | C8: 24GM01S71 | D8: B- | E8: RFS | F8: M040A24 | G8: MI2411
A9: =A8 -> N | B9: =B8 -> MI 40 | C9: =CONCATENATE(LEFT(C8,6),"C",RIGHT(C8,2)) -> 24GM01C71 | D9: =D8 -> B- | E9: LD1 | F9: =F8 -> M040A24 | G9: =G8 -> MI2411
A10: =A9 -> N | B10: =B9 -> MI 40 | C10: =CONCATENATE(LEFT(C9,6),"D",RIGHT(C9,2)) -> 24GM01D71 | D10: =D9 -> B- | E10: FD1 | F10: =F9 -> M040A24 | G10: =G9 -> MI2411
A11: S | B11: HU 12 | C11: 24GH00S43 | D11: MID | E11: RFS | F11: H012A24 | G11: HU2411
A12: =A11 -> S | B12: =B11 -> HU 12 | C12: =CONCATENATE(LEFT(C11,6),"C",RIGHT(C11,2)) -> 24GH00C43 | D12: =D11 -> MID | E12: LD1 | F12: =F11 -> H012A24 | G12: =G11 -> HU2411
A13: =A12 -> S | B13: =B12 -> HU 12 | C13: =CONCATENATE(LEFT(C12,6),"D",RIGHT(C12,2)) -> 24GH00D43 | D13: =D12 -> MID | E13: FD1 | F13: =F12 -> H012A24 | G13: =G12 -> HU2411
A14: C | B14: HU 37 | C14: 24GH01S50 | D14: B10 | E14: RFS | F14: H037A24 | G14: HU2411
A15: =A14 -> C | B15: =B14 -> HU 37 | C15: =CONCATENATE(LEFT(C14,6),"C",RIGHT(C14,2)) -> 24GH01C50 | D15: =D14 -> B10 | E15: LD1 | F15: =F14 -> H037A24 | G15: =G14 -> HU2411
A16: =A15 -> C | B16: =B15 -> HU 37 | C16: =CONCATENATE(LEFT(C15,6),"D",RIGHT(C15,2)) -> 24GH01D50 | D16: =D15 -> B10 | E16: FD1 | F16: =F15 -> H037A24 | G16: =G15 -> HU2411
A17: N | B17: HU 45M | C17: 24GH01S85 | D17: 30M | E17: RFS | F17: H45MA24 | G17: HU2411
A18: =A17 -> N | B18: =B17 -> HU 45M | C18: =CONCATENATE(LEFT(C17,6),"C",RIGHT(C17,2)) -> 24GH01C85 | D18: =D17 -> 30M | E18: LD1 | F18: =F17 -> H45MA24 | G18: =G17 -> HU2411
A19: =A18 -> N | B19: =B18 -> HU 45M | C19: =CONCATENATE(LEFT(C18,6),"D",RIGHT(C18,2)) -> 24GH01D85 | D19: =D18 -> 30M | E19: FD1 | F19: =F18 -> H45MA24 | G19: =G18 -> HU2411
A20: E | B20: ER 09 | C20: 24GE00S41 | D20: SRF | E20: RFS | F20: E009A24 | G20: ER2411
A21: =A20 -> E | B21: =B20 -> ER 09 | C21: =CONCATENATE(LEFT(C20,6),"C",RIGHT(C20,2)) -> 24GE00C41 | D21: =D20 -> SRF | E21: LD1 | F21: =F20 -> E009A24 | G21: =G20 -> ER2411
A22: =A21 -> E | B22: =B21 -> ER 09 | C22: =CONCATENATE(LEFT(C21,6),"D",RIGHT(C21,2)) -> 24GE00D41 | D22: =D21 -> SRF | E22: FD1 | F22: =F21 -> E009A24 | G22: =G21 -> ER2411
A23: C | B23: ER 37 | C23: 24GE01S63 | D23: MID | E23: RFS | F23: E037A24 | G23: ER2411
A24: =A23 -> C | B24: =B23 -> ER 37 | C24: =CONCATENATE(LEFT(C23,6),"C",RIGHT(C23,2)) -> 24GE01C63 | D24: =D23 -> MID | E24: LD1 | F24: =F23 -> E037A24 | G24: =G23 -> ER2411
A25: =A24 -> C | B25: =B24 -> ER 37 | C25: =CONCATENATE(LEFT(C24,6),"D",RIGHT(C24,2)) -> 24GE01D63 | D25: =D24 -> MID | E25: FD1 | F25: =F24 -> E037A24 | G25: =G24 -> ER2411
A26: W | B26: ER 59 | C26: 24GE03S11 | D26: B- | E26: RFS | F26: E059A24 | G26: ER2411
A27: =A26 -> W | B27: =B26 -> ER 59 | C27: =CONCATENATE(LEFT(C26,6),"C",RIGHT(C26,2)) -> 24GE03C11 | D27: =D26 -> B- | E27: LD1 | F27: =F26 -> E059A24 | G27: =G26 -> ER2411
A28: =A27 -> W | B28: =B27 -> ER 59 | C28: =CONCATENATE(LEFT(C27,6),"D",RIGHT(C27,2)) -> 24GE03D11 | D28: =D27 -> B- | E28: FD1 | F28: =F27 -> E059A24 | G28: =G27 -> ER2411
A29: E | B29: ON 63 | C29: 24GO00S71 | D29: B- | E29: RFS | F29: O063A24 | G29: ON2411
A30: =A29 -> E | B30: =B29 -> ON 63 | C30: =CONCATENATE(LEFT(C29,6),"C",RIGHT(C29,2)) -> 24GO00C71 | D30: =D29 -> B- | E30: LD1 | F30: =F29 -> O063A24 | G30: =G29 -> ON2411
A31: =A30 -> E | B31: =B30 -> ON 63 | C31: =CONCATENATE(LEFT(C30,6),"D",RIGHT(C30,2)) -> 24GO00D71 | D31: =D30 -> B- | E31: FD1 | F31: =F30 -> O063A24 | G31: =G30 -> ON2411
A32: W | B32: ON 41 | C32: 24GO01S43 | D32: MID | E32: RFS | F32: O041A24 | G32: ON2411
A33: =A32 -> W | B33: =B32 -> ON 41 | C33: =CONCATENATE(LEFT(C32,6),"C",RIGHT(C32,2)) -> 24GO01C43 | D33: =D32 -> MID | E33: LD1 | F33: =F32 -> O041A24 | G33: =G32 -> ON2411
A34: =A33 -> W | B34: =B33 -> ON 41 | C34: =CONCATENATE(LEFT(C33,6),"D",RIGHT(C33,2)) -> 24GO01D43 | D34: =D33 -> MID | E34: FD1 | F34: =F33 -> O041A24 | G34: =G33 -> ON2411
A35: E | B35: SU 01M | C35: 24GS00S03 | D35: 10M | E35: RFS | F35: S01MA24 | G35: SU2411
A36: =A35 -> E | B36: =B35 -> SU 01M | C36: =CONCATENATE(LEFT(C35,6),"C",RIGHT(C35,2)) -> 24GS00C03 | D36: =D35 -> 10M | E36: LD1 | F36: =F35 -> S01MA24 | G36: =G35 -> SU2411
A37: =A36 -> E | B37: =B36 -> SU 01M | C37: =CONCATENATE(LEFT(C36,6),"D",RIGHT(C36,2)) -> 24GS00D03 | D37: =D36 -> 10M | E37: FD1 | F37: =F36 -> S01MA24 | G37: =G36 -> SU2411
A38: C | B38: SU 11 | C38: 24GS02S11 | D38: B- | E38: RFS | F38: S011A24 | G38: SU2411
A39: =A38 -> C | B39: =B38 -> SU 11 | C39: =CONCATENATE(LEFT(C38,6),"C",RIGHT(C38,2)) -> 24GS02C11 | D39: =D38 -> B- | E39: LD1 | F39: =F38 -> S011A24 | G39: =G38 -> SU2411
A40: =A39 -> C | B40: =B39 -> SU 11 | C40: =CONCATENATE(LEFT(C39,6),"D",RIGHT(C39,2)) -> 24GS02D11 | D40: =D39 -> B- | E40: FD1 | F40: =F39 -> S011A24 | G40: =G39 -> SU2411
A41: W | B41: SU 19 | C41: 24GS03S61 | D41: SRF | E41: RFS | F41: S019A24 | G41: SU2411
A42: =A41 -> W | B42: =B41 -> SU 19 | C42: =CONCATENATE(LEFT(C41,6),"C",RIGHT(C41,2)) -> 24GS03C61 | D42: =D41 -> SRF | E42: LD1 | F42: =F41 -> S019A24 | G42: =G41 -> SU2411
A43: =A42 -> W | B43: =B42 -> SU 19 | C43: =CONCATENATE(LEFT(C42,6),"D",RIGHT(C42,2)) -> 24GS03D61 | D43: =D42 -> SRF | E43: FD1 | F43: =F42 -> S019A24 | G43: =G42 -> SU2411

Sheet Sampling Sequence
A1: MI17 | C1: HU61 | E1: ER61 | G1: ON12 | I1: SU01M
A2: MI11 | C2: HU54M | E2: ER60 | G2: ON25 | I2: SU02
A3: MIFE | C3: HU53 | E3: ER59 | G3: ON33M | I3: SU04
A4: MI19 | C4: HU48 | E4: ER58 | G4: ON41 | I4: SU08M
A5: MI18M | C5: HUFE | E5: ERFE | G5: ON49 | I5: SU07
A6: MI23 | C6: HU45M | E6: ER91M | G6: ON63 | I6: SU06
A7: MI27M | C7: HU37 | E7: ER92 | G7: ONFE | I7: SU09
A8: MI34 | C8: HU38 | E8: ER42 | G8: ON60 | I8: SU11
A9: MI32 | C9: HU32 | E9: ER43 | G9: ON55M | I9: SU13
A10: MI41M | C10: HU27 | E10: ER73 | I10: SU15
A11: MI40 | C11: HU93 | E11: ER36 | I11: SU18
A12: MI47 | C12: HU15M | E12: ER37 | I12: SU19
C13: HU12 | E13: ER38 | I13: SUFE
C14: HU09 | E14: ER78M | I14: SU17M
C15: HU06 | E15: ER32 | I15: SU16
E16: ER31 | I16: SU14
E17: ER30 | I17: SU12
E18: ER63 | I18: SU10
E19: ER15M | I19: SU05
E20: ER09 | I20: SU03
E21: ER10

Sheet ESRI_MAPINFO_SHEET
